d,corr,passed
0.0,0.9999999999999998,0
0.05,0.9680397333163843,1
0.1,0.9334361842268479,0
0.15,0.8586205704185891,1
0.2,0.733883613417798,1
0.25,0.681518230006042,1
0.3,0.6998724352791037,1
0.35,0.5533497898345934,1
0.4,0.5117747949538347,1
0.45,0.4599790001041486,1
0.5,0.3233201638252265,1
0.55,0.27326961004295536,1
0.6,0.21624191487902455,1
0.65,0.16199340716377617,1
0.7,0.15209816344279653,1
0.75,0.1116952993490048,1
0.8,0.07860086764193742,1
0.85,0.042121407790670314,1
0.9,0.04026563045659926,1
0.95,0.037140044549373516,1
1.0,0.01709964747318559,1
0.0,0.9999999999999998,0
0.05,0.9931387921473964,0
0.1,0.9312379959110446,1
0.15,0.860052764867656,1
0.2,0.8297480706185274,1
0.25,0.7693920722428866,1
0.3,0.7423940854171867,1
0.35,0.7169781432201473,1
0.4,0.701326446161234,1
0.45,0.64272659956414,1
0.5,0.55245946490021,1
0.55,0.489555502981422,1
0.6,0.41094588687122424,1
0.65,0.32888322754893873,1
0.7,0.25555196868575486,1
0.75,0.190961077105107,1
0.8,0.1416537835232122,1
0.85,0.10121106365352399,1
0.9,0.06840057183858678,1
0.95,0.03800874317189321,1
1.0,0.002710327192770504,1
0.0,0.9999999999999999,0
0.05,0.9979373626599037,0
0.1,0.9918320399338374,0
0.15,0.9794962598450335,0
0.2,0.9557842954704602,1
0.25,0.9170475683773098,1
0.3,0.8654427643853585,1
0.35,0.7934009278386612,1
0.4,0.7293217576774427,1
0.45,0.668901060905255,1
0.5,0.5889953753583081,1
0.55,0.5144872436805642,1
0.6,0.44013707502115773,1
0.65,0.36188019894653256,1
0.7,0.28856713405275214,1
0.75,0.22550224326116614,1
0.8,0.17063826154210204,1
0.85,0.12803110595957906,1
0.9,0.09155343035488772,1
0.95,0.05700023033855962,1
1.0,0.00995191333589234,1
0.0,0.9999999999999998,0
0.05,0.9973402639192173,0
0.1,0.9880520114520526,0
0.15,0.9710134590115785,1
0.2,0.9450240066337928,1
0.25,0.9076211094632808,1
0.3,0.8583104044300769,1
0.35,0.8031606994799125,1
0.4,0.736562153360505,1
0.45,0.6582536811742238,1
0.5,0.568377565321478,1
0.55,0.47985861000043156,1
0.6,0.39799675367236914,1
0.65,0.3239603690255943,1
0.7,0.25726459662789297,1
0.75,0.1994711233403203,1
0.8,0.1514863315414805,1
0.85,0.11248429503522175,1
0.9,0.08015410930727723,1
0.95,0.052505045300012265,1
1.0,0.015406571369158644,1
0.0,1.0,0
0.05,0.997268837360865,0
0.1,0.9880962331673857,1
0.15,0.9709269728970743,1
0.2,0.9427690943981529,1
0.25,0.9052932621027977,1
0.3,0.8473489715768865,1
0.35,0.7863815401828024,1
0.4,0.7182371448999886,1
0.45,0.6372654878150319,1
0.5,0.551288564185286,1
0.55,0.4639294835891148,1
0.6,0.3798887668881705,1
0.65,0.2979171896486081,1
0.7,0.2305060950556879,1
0.75,0.17161340903512842,1
0.8,0.1255000863317112,1
0.85,0.09365335355345952,1
0.9,0.06573609565446176,1
0.95,0.04422103876299296,1
1.0,0.01229731640162426,1
0.0,1.0,0
0.05,0.997270135906337,0
0.1,0.9906737678003866,0
0.15,0.9725188435591815,1
0.2,0.9412534331529017,1
0.25,0.8892040643098948,1
0.3,0.8107382915097031,1
0.35,0.7607655023870438,1
0.4,0.7259475989169005,1
0.45,0.6638211568948863,1
0.5,0.6113665668090166,1
0.55,0.5364918289737871,1
0.6,0.4626855505066783,1
0.65,0.38336239402837874,1
0.7,0.3140894750150312,1
0.75,0.24400833937414712,1
0.8,0.1838914828414047,1
0.85,0.13552379775283932,1
0.9,0.09401293658941239,1
0.95,0.05731188530367706,1
1.0,0.005201284509410884,1
0.0,0.9999999999999999,0
0.05,0.9975960612916365,0
0.1,0.9889650849420837,0
0.15,0.9724362177144078,1
0.2,0.9466452969894686,1
0.25,0.9058641547620226,1
0.3,0.8465462826846876,1
0.35,0.7696735088550685,1
0.4,0.6784139633847331,1
0.45,0.5851993050837946,1
0.5,0.4935857819944908,1
0.55,0.40453701574946016,1
0.6,0.3240826004581509,1
0.65,0.25388532736187286,1
0.7,0.1994917763593199,1
0.75,0.1542674193375452,1
0.8,0.11846118998881305,1
0.85,0.08780330173726551,1
0.9,0.0645939723842286,1
0.95,0.04457033411353791,1
1.0,0.019014776237146622,1
0.0,1.0,0
0.05,0.9965968697354786,0
0.1,0.9807097100908617,1
0.15,0.9555062784974188,1
0.2,0.9266764654794637,1
0.25,0.8969436079951084,1
0.3,0.8620886932149636,1
0.35,0.8201052721757367,1
0.4,0.7691384155974442,1
0.45,0.70695566064456,1
0.5,0.6353607818647843,1
0.55,0.5577452220194741,1
0.6,0.4738352680434916,1
0.65,0.38933417928214165,1
0.7,0.31197041486912525,1
0.75,0.24368098257743975,1
0.8,0.18546823157311237,1
0.85,0.1367773010271904,1
0.9,0.09575546255105287,1
0.95,0.06028331461329019,1
1.0,0.00921281048680814,1
0.0,0.9999999999999998,1
0.05,0.9961346308356065,1
0.1,0.9789724391668583,1
0.15,0.9505535980939158,1
0.2,0.9148508821104833,1
0.25,0.8730998301150323,1
0.3,0.8174061764794537,1
0.35,0.7560139579984447,1
0.4,0.6775822850548473,1
0.45,0.6001544340507058,1
0.5,0.518297960816712,1
0.55,0.43682867405809095,1
0.6,0.361272521866224,1
0.65,0.2949239553024012,1
0.7,0.23214199573365205,1
0.75,0.17711831687319995,1
0.8,0.13444679602740214,1
0.85,0.09887386882967666,1
0.9,0.06928147411333276,1
0.95,0.04329695686464472,1
1.0,0.004823245875040431,1
0.0,1.0,0
0.05,0.9971530253373717,0
0.1,0.9877069419461275,0
0.15,0.9699024423983894,1
0.2,0.9410566124418941,1
0.25,0.9008999723215703,1
0.3,0.8510776577937927,1
0.35,0.794641317027605,1
0.4,0.7224639207118267,1
0.45,0.6411278644881884,1
0.5,0.5545216370300664,1
0.55,0.46691771880208494,1
0.6,0.38433427585800506,1
0.65,0.3087710330805934,1
0.7,0.2433910149446634,1
0.75,0.18748873773725488,1
0.8,0.1424063017528155,1
0.85,0.1055157287274559,1
0.9,0.07580199370597235,1
0.95,0.05038412773761385,1
1.0,0.016257549228890226,1
0.0,1.0,0
0.05,0.9970915083232768,0
0.1,0.9799783251910079,1
0.15,0.9544715838523499,1
0.2,0.9296579253162518,1
0.25,0.9057027798880446,1
0.3,0.8748790887816779,1
0.35,0.8385096782441919,1
0.4,0.7916385318777405,1
0.45,0.7305356553390292,1
0.5,0.6609018157566686,1
0.55,0.586674764941852,1
0.6,0.5051783930251453,1
0.65,0.42006262921452336,1
0.7,0.33986844153812024,1
0.75,0.2657527913681591,1
0.8,0.20268172271088677,1
0.85,0.14746640194475208,1
0.9,0.1032268782785937,1
0.95,0.06405030176653626,1
1.0,0.007518051729096271,1
0.0,1.0,0
0.05,0.9964302143625955,0
0.1,0.9792775685327395,1
0.15,0.9506520229463006,1
0.2,0.9116666896146239,1
0.25,0.8525498143629442,1
0.3,0.8072873439600351,1
0.35,0.7647579310567525,1
0.4,0.7048126767378511,1
0.45,0.6301778309725489,1
0.5,0.5487778936405006,1
0.55,0.4644555049975397,1
0.6,0.38736098886431414,1
0.65,0.30969854559465837,1
0.7,0.2433288642716824,1
0.75,0.18884682198565247,1
0.8,0.14507001787888182,1
0.85,0.10763839382824318,1
0.9,0.07577155299978089,1
0.95,0.048408715286065,1
1.0,0.005328644074198614,1
0.0,1.0,0
0.05,0.9992394784910105,0
0.1,0.9955965365535437,0
0.15,0.9884760707708409,0
0.2,0.9774678966040488,1
0.25,0.9597102877965327,1
0.3,0.9394633821510587,1
0.35,0.9135941713644098,1
0.4,0.8775817619864988,1
0.45,0.8278645587566116,1
0.5,0.761627197575874,1
0.55,0.6839694166778401,1
0.6,0.5940192296766768,1
0.65,0.4984152423951259,1
0.7,0.40718090295119025,1
0.75,0.32283681024971933,1
0.8,0.24629446645418798,1
0.85,0.18187398901434731,1
0.9,0.1261644918761422,1
0.95,0.07697138014302835,1
1.0,0.0069860443017389934,1
0.0,1.0,0
0.05,0.9982319435182266,0
0.1,0.9920526245597514,0
0.15,0.9794880692451814,1
0.2,0.9583745966839338,1
0.25,0.9242380802176533,1
0.3,0.8803117254318471,1
0.35,0.8195296470818408,1
0.4,0.7590718959113757,1
0.45,0.6903308032359691,1
0.5,0.6063824531023375,1
0.55,0.5162426937591091,1
0.6,0.4305120332837971,1
0.65,0.35023432903514207,1
0.7,0.2700140216736186,1
0.75,0.20880577031933997,1
0.8,0.15986515284071545,1
0.85,0.11875499027542367,1
0.9,0.08418326606184474,1
0.95,0.052624299551161643,1
1.0,0.009813802701349275,1
0.0,1.0,0
0.05,0.9963234878590103,1
0.1,0.9856744681720307,1
0.15,0.9654156485616779,1
0.2,0.9296082680536398,1
0.25,0.8904760144418306,1
0.3,0.8430273432625615,1
0.35,0.7878519661618859,1
0.4,0.7259708411495948,1
0.45,0.6516154471424086,1
0.5,0.571009867226803,1
0.55,0.4854348741106521,1
0.6,0.4029012352485513,1
0.65,0.3241119617815242,1
0.7,0.25636295710781465,1
0.75,0.1966270490203584,1
0.8,0.14876676229024735,1
0.85,0.10798093454080324,1
0.9,0.0763174202182797,1
0.95,0.04946934105896553,1
1.0,0.012462901994523233,1
0.0,1.0,0
0.05,0.9984636792354562,0
0.1,0.9916291808873721,1
0.15,0.9788176582120892,1
0.2,0.9599066988505948,1
0.25,0.9314917904828123,1
0.3,0.8982381159111198,1
0.35,0.8523204509851935,1
0.4,0.8007560713600032,1
0.45,0.7437165126349359,1
0.5,0.6714060729392105,1
0.55,0.5882766281956417,1
0.6,0.5009609498958891,1
0.65,0.41406174374607074,1
0.7,0.33281597508745175,1
0.75,0.26088494134760615,1
0.8,0.2008987273446975,1
0.85,0.14734663139651935,1
0.9,0.10336026976867956,1
0.95,0.06340221803502032,1
1.0,0.004036819445771078,1
0.0,1.0,0
0.05,0.9992095965422803,0
0.1,0.9954223262629042,0
0.15,0.9880607239885983,1
0.2,0.9761428584454838,1
0.25,0.961876851078805,1
0.3,0.9438452311255263,1
0.35,0.9195279456365342,1
0.4,0.8854662146948359,1
0.45,0.8381775045572346,1
0.5,0.7779853422254914,1
0.55,0.6996909279486022,1
0.6,0.6097351117558933,1
0.65,0.5123672684463515,1
0.7,0.41649584951164254,1
0.75,0.3272320166029613,1
0.8,0.24991842635460884,1
0.85,0.18422948840503736,1
0.9,0.12861177459497128,1
0.95,0.07941867526213785,1
1.0,0.006425239204672902,1
0.0,0.9999999999999998,0
0.05,0.9980102317856386,0
0.1,0.9913384229013731,0
0.15,0.97658368556485,1
0.2,0.9495066717005863,1
0.25,0.9118005520382847,1
0.3,0.8829752702802346,1
0.35,0.8355236352821448,1
0.4,0.7774460926586462,1
0.45,0.707257069472573,1
0.5,0.6183577838423203,1
0.55,0.534933907414897,1
0.6,0.4520129105332618,1
0.65,0.3708042749967926,1
0.7,0.2929648611899517,1
0.75,0.22671573737549053,1
0.8,0.17260885238195534,1
0.85,0.12796684211796086,1
0.9,0.09065649207977583,1
0.95,0.05723508875204602,1
1.0,0.013561772207718693,1
0.0,1.0,1
0.05,0.9937625286436852,0
0.1,0.9879837555790825,0
0.15,0.9693683986944422,1
0.2,0.9470490620059968,1
0.25,0.7382526116405327,1
0.3,0.7058053738661045,1
0.35,0.6398116429638641,1
0.4,0.549534659801381,1
0.45,0.40211059089912454,1
0.5,0.27930477673379556,1
0.55,0.23096459231520935,1
0.6,0.15589652382071126,1
0.65,0.13967749995850498,1
0.7,0.12357824280466005,1
0.75,0.08722676406476916,1
0.8,0.07003806208552796,1
0.85,0.025274657561759707,1
0.9,0.008384563905341655,1
0.95,-0.0026893171768902348,1
1.0,-0.038733352906537205,1
0.0,1.0,1
0.05,0.9960053809353668,0
0.1,0.9812768827265571,1
0.15,0.9553597688093756,1
0.2,0.9457108943326543,1
0.25,0.8384326413286056,1
0.3,0.6560269714854875,1
0.35,0.6180109834124177,1
0.4,0.49691725420087,1
0.45,0.39722763235282216,1
0.5,0.2975865889679913,1
0.55,0.23065054942457652,1
0.6,0.17803770680499445,1
0.65,0.1364429778394006,1
0.7,0.1288016855620438,1
0.75,0.09188565998093019,1
0.8,0.07193003085777042,1
0.85,0.04286718654622676,1
0.9,0.03712916239072151,1
0.95,0.03527552939041775,1
1.0,-0.00835058928063114,1
0.0,1.0,0
0.05,0.9974832066689949,0
0.1,0.984317118467016,0
0.15,0.960130405845389,1
0.2,0.9126417324116073,1
0.25,0.8693108936681884,1
0.3,0.8403869201190058,1
0.35,0.8086035515861077,1
0.4,0.7597236869463379,1
0.45,0.6957816205716403,1
0.5,0.6065361325925271,1
0.55,0.5210806450576282,1
0.6,0.44299291845888433,1
0.65,0.36643655492647637,1
0.7,0.2932899886986188,1
0.75,0.23037417198083254,1
0.8,0.17584399939774373,1
0.85,0.13260377129502393,1
0.9,0.09340440479872823,1
0.95,0.06074826306198424,1
1.0,0.014786435436753535,1
0.0,1.0,0
0.05,0.9978118602423811,1
0.1,0.9879418756401744,1
0.15,0.9702172057099366,1
0.2,0.9458701881882442,1
0.25,0.9144785684700714,1
0.3,0.867425074631439,1
0.35,0.8105474709261796,1
0.4,0.7488728384979713,1
0.45,0.6747714875596751,1
0.5,0.591017853126102,1
0.55,0.5016445439342722,1
0.6,0.4120567727393464,1
0.65,0.3257868491902342,1
0.7,0.25982707069357236,1
0.75,0.20286525882397,1
0.8,0.15462685859155068,1
0.85,0.11405537367684437,1
0.9,0.0795918665363266,1
0.95,0.05070396499003382,1
1.0,0.00839132435751746,1
0.0,1.0,0
0.05,0.9993691975011292,0
0.1,0.99598352937147,0
0.15,0.9895358250532689,1
0.2,0.9803655842610098,1
0.25,0.9656620361237231,1
0.3,0.9496280391837202,1
0.35,0.9292826346282289,1
0.4,0.9016907699248013,1
0.45,0.8625319764135113,1
0.5,0.8098043491804849,1
0.55,0.7384963994849494,1
0.6,0.6539892996263935,1
0.65,0.5564789074313827,1
0.7,0.4559735502501468,1
0.75,0.36174767218518133,1
0.8,0.277340837212514,1
0.85,0.2036561650604629,1
0.9,0.1421588744952261,1
0.95,0.08563771605454791,1
1.0,0.0030517870874710493,1
0.0,0.9999999999999999,0
0.05,0.9977435606403813,0
0.1,0.9892742229580967,1
0.15,0.9732057243396008,1
0.2,0.9479476881245953,1
0.25,0.912047435825081,1
0.3,0.8615554817281176,1
0.35,0.8006281880751304,1
0.4,0.7255680198747307,1
0.45,0.6453044941386347,1
0.5,0.5633840349026797,1
0.55,0.4761246319566091,1
0.6,0.39059393538074855,1
0.65,0.3160984794839945,1
0.7,0.24917885696472575,1
0.75,0.19136858690179787,1
0.8,0.145216593517613,1
0.85,0.107024700399542,1
0.9,0.0760119072447523,1
0.95,0.05032930818694612,1
1.0,0.014067470077143804,1
0.0,1.0,0
0.05,0.9953766277315669,1
0.1,0.9816158801008572,0
0.15,0.9502760774513783,1
0.2,0.8335688964605047,1
0.25,0.8442923359349476,1
0.3,0.8257723058183739,1
0.35,0.7844772328530898,1
0.4,0.714591146826901,1
0.45,0.6614926482159869,1
0.5,0.5802085813243734,1
0.55,0.5046404293787234,1
0.6,0.43261827284866233,1
0.65,0.36165122018953855,1
0.7,0.29907338572248604,1
0.75,0.23239392629668829,1
0.8,0.17497256655368534,1
0.85,0.12580546894098146,1
0.9,0.08602825169923885,1
0.95,0.05033163434386036,1
1.0,0.002794927442357754,1
0.0,1.0,0
0.05,0.9986550757366941,0
0.1,0.990495846074372,0
0.15,0.9764065779446789,1
0.2,0.9592857395420267,1
0.25,0.930561413867258,1
0.3,0.8996485716983085,1
0.35,0.8484875356536807,1
0.4,0.7969994087165402,1
0.45,0.7298507659920482,1
0.5,0.6527527175067239,1
0.55,0.5538520731001436,1
0.6,0.47572378620019934,1
0.65,0.3938308786290515,1
0.7,0.31864380569523076,1
0.75,0.24090587029564287,1
0.8,0.18075303578053387,1
0.85,0.13284902074943875,1
0.9,0.09065903608689652,1
0.95,0.053300967141485404,1
1.0,-0.008965175041744348,1
0.0,0.9999999999999999,0
0.05,0.9984466536090492,0
0.1,0.9918421858560612,0
0.15,0.9799664840393131,0
0.2,0.9636069246413096,1
0.25,0.9382469487052914,1
0.3,0.9019404476219588,1
0.35,0.8595555195335545,1
0.4,0.8073413894494154,1
0.45,0.7417000767976563,1
0.5,0.6617588986995764,1
0.55,0.5639320262948152,1
0.6,0.470492012928288,1
0.65,0.3815044058261743,1
0.7,0.3052804402479748,1
0.75,0.23816684029496404,1
0.8,0.1802980456295278,1
0.85,0.1343615430476409,1
0.9,0.0951623092140246,1
0.95,0.06052699221778649,1
1.0,0.0104773150597054,1
0.0,1.0,0
0.05,0.997660924880746,0
0.1,0.9864593295880261,1
0.15,0.9674965609244173,1
0.2,0.9437419352559204,1
0.25,0.9161489714486021,1
0.3,0.8896568672437088,1
0.35,0.8577989707597962,1
0.4,0.8218060440042638,1
0.45,0.7763223990215556,1
0.5,0.7176768194235972,1
0.55,0.643018520437455,1
0.6,0.559337976982628,1
0.65,0.4691237761388066,1
0.7,0.38159954969797094,1
0.75,0.299847407718385,1
0.8,0.2284955804413753,1
0.85,0.16825222808770282,1
0.9,0.11669379169773,1
0.95,0.07106473176369668,1
1.0,0.0024587549784858705,1
0.0,0.9999999999999999,0
0.05,0.9958738843147559,0
0.1,0.9341529492608158,1
0.15,0.8639627090318539,1
0.2,0.8620701374380081,1
0.25,0.8359076128920807,1
0.3,0.8091508587182454,1
0.35,0.7580531052763066,1
0.4,0.6709393289863754,1
0.45,0.5655414995822058,1
0.5,0.4720615925128636,1
0.55,0.3893049607402326,1
0.6,0.3142875777369827,1
0.65,0.248448891058292,1
0.7,0.19837384158908994,1
0.75,0.14689233132783172,1
0.8,0.10815824332423715,1
0.85,0.08019551351906902,1
0.9,0.04874022350224957,1
0.95,0.02560367572312927,1
1.0,-0.007680734586513366,1
0.0,1.0,0
0.05,0.9961982504654869,0
0.1,0.9845900497628023,0
0.15,0.9632478490696375,1
0.2,0.9268022045404903,1
0.25,0.8810849310944338,1
0.3,0.8206167944897681,1
0.35,0.7414442064507167,1
0.4,0.6565518924025848,1
0.45,0.5636854381464899,1
0.5,0.47910503182923914,1
0.55,0.39090406943273065,1
0.6,0.32076754867148005,1
0.65,0.2596067233015106,1
0.7,0.2022133765119568,1
0.75,0.15018922375619978,1
0.8,0.11377289566465397,1
0.85,0.08554865829274003,1
0.9,0.0599670516386541,1
0.95,0.037067502962535206,1
1.0,0.00846699106928202,1
0.0,0.9999999999999998,0
0.05,0.9990152836840337,0
0.1,0.9946988276286296,0
0.15,0.9862252965805016,0
0.2,0.9715969548167461,1
0.25,0.955181457504506,1
0.3,0.924645310308722,1
0.35,0.895122864635382,1
0.4,0.850863564617838,1
0.45,0.8028433950818691,1
0.5,0.7426169076894819,1
0.55,0.6598205951137867,1
0.6,0.5713292633436361,1
0.65,0.48612023952837824,1
0.7,0.4009223508558048,1
0.75,0.3231736435611472,1
0.8,0.2494071679900856,1
0.85,0.18502969348667975,1
0.9,0.12794723475102698,1
0.95,0.07558536647966964,1
1.0,-0.002846631945670208,1
0.0,1.0,0
0.05,0.9983712074218066,0
0.1,0.9921872398249311,1
0.15,0.9801002335897485,1
0.2,0.9598882777827095,1
0.25,0.9312403964763775,1
0.3,0.8923265190494847,1
0.35,0.8370222234969686,1
0.4,0.7723874265678139,1
0.45,0.6926123142555367,1
0.5,0.6040330078452988,1
0.55,0.5080687218946803,1
0.6,0.4192712904450951,1
0.65,0.33770591649458687,1
0.7,0.26675579065653066,1
0.75,0.20658872390245767,1
0.8,0.15704447565604093,1
0.85,0.11638858239201597,1
0.9,0.08310807616243404,1
0.95,0.05435937090896439,1
1.0,0.014481314894277574,1
0.0,1.0,0
0.05,0.9974127980284188,0
0.1,0.9910748828391712,0
0.15,0.9768740303818442,1
0.2,0.9483921991306803,1
0.25,0.9064606401592995,1
0.3,0.8467519247064709,1
0.35,0.7662297739174948,1
0.4,0.6598297883933554,1
0.45,0.5104248605140438,1
0.5,0.4382840227498797,1
0.55,0.35283087742505015,1
0.6,0.2628540420928725,1
0.65,0.19917534397923709,1
0.7,0.1554976293948715,1
0.75,0.126052015112173,1
0.8,0.09460783936614374,1
0.85,0.07040872380780827,1
0.9,0.05206677489225202,1
0.95,0.03564421044326376,1
1.0,0.010564321975073796,1
0.0,1.0,0
0.05,0.9913508594920066,0
0.1,0.9845215185105761,0
0.15,0.9607901256325071,1
0.2,0.8932833177811744,1
0.25,0.7895650463761182,1
0.3,0.7294038365818726,1
0.35,0.6815732218472167,1
0.4,0.6231480388574966,1
0.45,0.541517026187538,1
0.5,0.45258732577124683,1
0.55,0.370677495133695,1
0.6,0.3057682588256306,1
0.65,0.24026108919356115,1
0.7,0.18216509844334114,1
0.75,0.1421962949702923,1
0.8,0.108915489526526,1
0.85,0.08338668327750533,1
0.9,0.061385386350159686,1
0.95,0.0399592163335418,1
1.0,0.02111221896444616,1
0.0,0.9999999999999998,0
0.05,0.9964482368501794,0
0.1,0.9751190091481043,0
0.15,0.9432820932528281,1
0.2,0.9193018841447933,1
0.25,0.9006810064870507,1
0.3,0.8625510150915611,1
0.35,0.8105053620437844,1
0.4,0.7492613123804688,1
0.45,0.680924352953074,1
0.5,0.6032348910801855,1
0.55,0.5151102107505795,1
0.6,0.4282902110717863,1
0.65,0.3486508586561886,1
0.7,0.27724383828646243,1
0.75,0.21548534899936983,1
0.8,0.16387085697614287,1
0.85,0.12114624964201537,1
0.9,0.08592003624513192,1
0.95,0.05504035968211363,1
1.0,0.011917124183824767,1
0.0,1.0,0
0.05,0.9944885379168898,0
0.1,0.9614609673058166,1
0.15,0.9333054281048498,1
0.2,0.9096667803897118,1
0.25,0.8613309464851362,1
0.3,0.7954247631446799,1
0.35,0.7016643000360384,1
0.4,0.6291342265450132,1
0.45,0.5288226809804545,1
0.5,0.4506503893730052,1
0.55,0.38523372394006944,1
0.6,0.29400623567831613,1
0.65,0.2361638181235188,1
0.7,0.18878384825254954,1
0.75,0.14616062393228202,1
0.8,0.11437839901925838,1
0.85,0.08729157223964318,1
0.9,0.06836875209820686,1
0.95,0.051773275728612296,1
1.0,0.03571428315010092,1
0.0,1.0,0
0.05,0.9983237734812789,0
0.1,0.9894188668192503,0
0.15,0.9740389292783838,1
0.2,0.9554886139934218,1
0.25,0.9244605262033038,1
0.3,0.8681980907960319,1
0.35,0.7907899791182043,1
0.4,0.7175281692073248,1
0.45,0.6236769418118648,1
0.5,0.5190916590466285,1
0.55,0.4537512640136025,1
0.6,0.40175797838747,1
0.65,0.3272496633303805,1
0.7,0.25889704589789636,1
0.75,0.20040335705341858,1
0.8,0.15668364354247777,1
0.85,0.11908681236605408,1
0.9,0.08441726362319717,1
0.95,0.053007327157343846,1
1.0,0.00784970365242568,1
0.0,1.0,0
0.05,0.9953661482813674,1
0.1,0.9842574217343579,1
0.15,0.9647107258805632,1
0.2,0.9254064602373843,1
0.25,0.8447685680845203,1
0.3,0.7707079505695539,1
0.35,0.6946664166460262,1
0.4,0.5943239127963165,1
0.45,0.41321761976902194,1
0.5,0.2805147953818197,1
0.55,0.21983598660636045,1
0.6,0.20384126923829407,1
0.65,0.16662187306491621,1
0.7,0.14130625073911576,1
0.75,0.11367005756831783,1
0.8,0.08410329920699158,1
0.85,0.06538595529666827,1
0.9,0.05216096905536927,1
0.95,0.03298458367199327,1
1.0,0.01760812690162555,1
0.0,1.0,0
0.05,0.9962649680841803,0
0.1,0.9813748144093085,0
0.15,0.9567346749951411,1
0.2,0.9204130665029182,1
0.25,0.8677601280168376,1
0.3,0.7979359688500223,1
0.35,0.725126539874669,1
0.4,0.6663108599398876,1
0.45,0.6102893847012384,1
0.5,0.5434554359079623,1
0.55,0.46255277068079215,1
0.6,0.3828236445978757,1
0.65,0.3087043690049707,1
0.7,0.2533092705005096,1
0.75,0.19802664342218979,1
0.8,0.15204198180671852,1
0.85,0.11286407556011845,1
0.9,0.07791755788785998,1
0.95,0.048097306297664906,1
1.0,0.0010535636031718397,1
0.0,1.0,0
0.05,0.9958946929606717,1
0.1,0.9835811810000036,1
0.15,0.9607775627326358,1
0.2,0.924971666113732,1
0.25,0.8780592516688981,1
0.3,0.8059352358489433,1
0.35,0.6885886503220062,1
0.4,0.5639445336637012,1
0.45,0.3755026503850969,1
0.5,0.3908939466744389,1
0.55,0.3479820218304885,1
0.6,0.29399728270317343,1
0.65,0.23905798750848628,1
0.7,0.19085170059755466,1
0.75,0.1475430722156189,1
0.8,0.1117204701568096,1
0.85,0.0856872852439332,1
0.9,0.06360942968066739,1
0.95,0.04491469621483318,1
1.0,0.020203819609498307,1
0.0,1.0,0
0.05,0.9985471884188868,0
0.1,0.9922254863983406,1
0.15,0.9807701833265025,1
0.2,0.9644264851765225,1
0.25,0.9431414703442377,1
0.3,0.9160151342605187,1
0.35,0.8803540187903801,1
0.4,0.8353462616317401,1
0.45,0.7745378208134035,1
0.5,0.7019150282119884,1
0.55,0.616637119296082,1
0.6,0.5227050249198885,1
0.65,0.4299467583436289,1
0.7,0.3443251743408945,1
0.75,0.2682841738280326,1
0.8,0.20360064293002197,1
0.85,0.14970602249616516,1
0.9,0.10461653074925172,1
0.95,0.06524879284845518,1
1.0,0.007845857143223188,1
0.0,0.9999999999999998,0
0.05,0.9993534583668039,0
0.1,0.9962942435915952,0
0.15,0.9903167478350666,1
0.2,0.9816440944077376,1
0.25,0.9682153353535379,1
0.3,0.9485108968680996,1
0.35,0.9220043348332105,1
0.4,0.8805998764963401,1
0.45,0.8321470212630603,1
0.5,0.7692191700364152,1
0.55,0.6855362255228137,1
0.6,0.5952644547040647,1
0.65,0.49919748756197857,1
0.7,0.4059896020026617,1
0.75,0.32035921030510284,1
0.8,0.24557580687358216,1
0.85,0.1808702928834362,1
0.9,0.12570945239693598,1
0.95,0.07703344009969229,1
1.0,0.004623196674582302,1
0.0,1.0,0
0.05,0.9869604417384182,0
0.1,0.9508494240286225,0
0.15,0.8952040779509947,1
0.2,0.8441119356104212,1
0.25,0.7067573060042545,1
0.3,0.5771215199964709,1
0.35,0.5309932474264134,1
0.4,0.4482674645148736,1
0.45,0.4439681250874676,1
0.5,0.417522189817303,1
0.55,0.3903322353429564,1
0.6,0.3232127730648983,1
0.65,0.26400839804464077,1
0.7,0.21156474569636108,1
0.75,0.16331628678068263,1
0.8,0.12556187285122627,1
0.85,0.08899487243016344,1
0.9,0.06438379455210777,1
0.95,0.04007162034796979,1
1.0,0.0075930888480715795,1
0.0,0.9999999999999998,0
0.05,0.9937622563139956,1
0.1,0.9350860109903494,1
0.15,0.8262194699369807,1
0.2,0.8479427952893687,1
0.25,0.8423712599445693,1
0.3,0.8064618887064117,1
0.35,0.7338504092341676,1
0.4,0.6509287710265301,1
0.45,0.5646313164920761,1
0.5,0.4795612623922271,1
0.55,0.39828832334971453,1
0.6,0.32366719395882304,1
0.65,0.2594841858630922,1
0.7,0.20485265252413193,1
0.75,0.159093137792405,1
0.8,0.12171984262963592,1
0.85,0.0910004015122377,1
0.9,0.06633554074781504,1
0.95,0.045662489023419496,1
1.0,0.019012721588279297,1
0.0,0.9999999999999998,0
0.05,0.9988285437028911,0
0.1,0.9936559714412211,0
0.15,0.9830737432477497,0
0.2,0.9661255116112111,1
0.25,0.9506206902183767,1
0.3,0.9308154757967986,1
0.35,0.9044326304576176,1
0.4,0.8748276131282163,1
0.45,0.8304038656183214,1
0.5,0.7740332505178622,1
0.55,0.701091302910308,1
0.6,0.61600401897479,1
0.65,0.5233154496563197,1
0.7,0.4287962604616547,1
0.75,0.3408233331297569,1
0.8,0.26073644774321236,1
0.85,0.19225024841528707,1
0.9,0.132747488588201,1
0.95,0.08196798906137776,1
1.0,0.006005523780786264,1
0.0,1.0,0
0.05,0.9984592605969643,0
0.1,0.9901486434389579,0
0.15,0.9746570280112138,1
0.2,0.952746714634797,1
0.25,0.9269049942250489,1
0.3,0.8926746563258294,1
0.35,0.8431827240669649,1
0.4,0.7714949257543446,1
0.45,0.6981039424873616,1
0.5,0.5993787799506932,1
0.55,0.5118154728531079,1
0.6,0.4253495232725826,1
0.65,0.34488965274876926,1
0.7,0.274155015680955,1
0.75,0.2099750405282882,1
0.8,0.15091378186280305,1
0.85,0.10974499493211282,1
0.9,0.07662441064341624,1
0.95,0.04461679852375258,1
1.0,-0.007756819502907099,1
0.0,0.9999999999999999,0
0.05,0.9988775454057967,0
0.1,0.994062314078621,1
0.15,0.9848233599522448,1
0.2,0.9701545628370456,1
0.25,0.9495764826592173,1
0.3,0.923439269045177,1
0.35,0.8899359896984109,1
0.4,0.8457004525656787,1
0.45,0.7830274758136042,1
0.5,0.7058306692310827,1
0.55,0.618650986542713,1
0.6,0.5207392677712748,1
0.65,0.4257098837164254,1
0.7,0.3388004570510661,1
0.75,0.26279811549689697,1
0.8,0.19902975300700695,1
0.85,0.14578817676226294,1
0.9,0.10240270501968045,1
0.95,0.06477450420780262,1
1.0,0.010173931900625047,1
0.0,1.0,0
0.05,0.9992696546539023,0
0.1,0.9958328916798713,0
0.15,0.989300711133834,1
0.2,0.9799376477904921,1
0.25,0.9677328746208704,1
0.3,0.9506317439080606,1
0.35,0.9221190411012448,1
0.4,0.88819361924391,1
0.45,0.8345634288354935,1
0.5,0.777161423291001,1
0.55,0.706569506049743,1
0.6,0.6215387652018459,1
0.65,0.5272081207729935,1
0.7,0.43269208305119045,1
0.75,0.34341891988834494,1
0.8,0.264490461580224,1
0.85,0.19593005021828352,1
0.9,0.13762002239863608,1
0.95,0.08506040982673871,1
1.0,0.0069117490851144155,1
0.0,1.0,0
0.05,0.9982396341662008,0
0.1,0.9908519212914411,1
0.15,0.977085687142067,1
0.2,0.9559150435939076,1
0.25,0.9265207404523705,1
0.3,0.8808366619403948,1
0.35,0.8117197494032679,1
0.4,0.7428824016118087,1
0.45,0.668085847443822,1
0.5,0.5852000225191033,1
0.55,0.5021587245219297,1
0.6,0.4186024229746075,1
0.65,0.3377545364133039,1
0.7,0.266766610393788,1
0.75,0.2058566727578521,1
0.8,0.15467647307053636,1
0.85,0.11417324760827126,1
0.9,0.08170863477270579,1
0.95,0.051603954583778505,1
1.0,0.009734776071356014,1
0.0,0.9999999999999999,0
0.05,0.9873303855358071,1
0.1,0.9814760105997388,1
0.15,0.9609010699797201,1
0.2,0.8192169552323215,1
0.25,0.8165664605074422,1
0.3,0.8050808268494458,1
0.35,0.7186132587591224,1
0.4,0.6209039523468329,1
0.45,0.5320882267623115,1
0.5,0.43732152827195303,1
0.55,0.31269196766874424,1
0.6,0.23948741452093525,1
0.65,0.18246587165218647,1
0.7,0.15991378361794933,1
0.75,0.12086372232089747,1
0.8,0.08949819779826806,1
0.85,0.07457448516151526,1
0.9,0.05378235545188762,1
0.95,0.034347329513210165,1
1.0,0.02315585950808576,1
0.0,1.0,0
0.05,0.998965344510029,0
0.1,0.9947741273878533,0
0.15,0.9868047468200055,1
0.2,0.9743998957644372,1
0.25,0.9571685879910642,1
0.3,0.9261341653913159,1
0.35,0.8838427889453793,1
0.4,0.8390750463047355,1
0.45,0.7821301760924502,1
0.5,0.7116899450469713,1
0.55,0.6287327422546058,1
0.6,0.5369338567744192,1
0.65,0.43865660383946914,1
0.7,0.3529335899111251,1
0.75,0.2762173132871188,1
0.8,0.2105813462163157,1
0.85,0.15566108835924278,1
0.9,0.1097710451551792,1
0.95,0.07021695113715164,1
1.0,0.013316499793280392,1
0.0,1.0,0
0.05,0.9983434754188847,0
0.1,0.991989401649124,0
0.15,0.9800380108127873,1
0.2,0.9618857043392188,1
0.25,0.9350592514019829,1
0.3,0.8973481109322194,1
0.35,0.8532009407996737,1
0.4,0.7987684479930947,1
0.45,0.7336911182011724,1
0.5,0.6641044694375593,1
0.55,0.5867365339823777,1
0.6,0.49976135611287814,1
0.65,0.41253412112630866,1
0.7,0.3329668648429568,1
0.75,0.26135354568140096,1
0.8,0.19914568040216615,1
0.85,0.14733064176093202,1
0.9,0.10292337876711474,1
0.95,0.06467383946120515,1
1.0,0.009161427811988034,1
0.0,1.0,0
0.05,0.9988541842676755,0
0.1,0.9941049206905284,0
0.15,0.9852025044729182,1
0.2,0.9718056263086913,1
0.25,0.954474092194105,1
0.3,0.9320379135815307,1
0.35,0.9015668522654339,1
0.4,0.8629712658869632,1
0.45,0.8117083774459471,1
0.5,0.7448342964383518,1
0.55,0.6647824117209161,1
0.6,0.5746083352652696,1
0.65,0.4820929302104915,1
0.7,0.39174403960853954,1
0.75,0.30884115346797286,1
0.8,0.2359211468212527,1
0.85,0.1747323469202409,1
0.9,0.123445747438504,1
0.95,0.07742104115889852,1
1.0,0.010756232765263565,1
0.0,1.0,0
0.05,0.9944616398721218,0
0.1,0.9813300056784776,1
0.15,0.9555369867452945,1
0.2,0.9086930737212235,1
0.25,0.8392921418363639,1
0.3,0.7826367464602701,1
0.35,0.698479531424394,1
0.4,0.6003439816462603,1
0.45,0.4563401543780068,1
0.5,0.3780576693179773,1
0.55,0.308840053354014,1
0.6,0.2719397821349733,1
0.65,0.21481865818104903,1
0.7,0.17182585085178545,1
0.75,0.1269591964927178,1
0.8,0.09881953776680323,1
0.85,0.06825578286280727,1
0.9,0.04417782053497681,1
0.95,0.031870568361437424,1
1.0,0.007740167570199667,1
0.0,0.9999999999999998,0
0.05,0.9963047647658979,0
0.1,0.9853284359057675,0
0.15,0.9650755386935591,1
0.2,0.9361943908859761,1
0.25,0.8907482246065802,1
0.3,0.8369413943017233,1
0.35,0.7712038648703323,1
0.4,0.6819252595312443,1
0.45,0.5925989418606824,1
0.5,0.49656168469405937,1
0.55,0.3992301719653009,1
0.6,0.31984950510880156,1
0.65,0.25356864525838263,1
0.7,0.19759576260950168,1
0.75,0.15401382502653305,1
0.8,0.11873199953982867,1
0.85,0.09284857070861537,1
0.9,0.07080989826210714,1
0.95,0.05274208048791564,1
1.0,0.03271676413869022,1
0.0,1.0,0
0.05,0.9983809842643735,0
0.1,0.9921729952711411,0
0.15,0.9809709202858906,1
0.2,0.9637066933884426,1
0.25,0.9410529146431391,1
0.3,0.9119918515053512,1
0.35,0.8763745335903156,1
0.4,0.8302364608961942,1
0.45,0.7711997223812136,1
0.5,0.6996857462603676,1
0.55,0.6129586809551008,1
0.6,0.5212936477321855,1
0.65,0.4287177207522924,1
0.7,0.3435111876446773,1
0.75,0.26790472812292854,1
0.8,0.20364552453236645,1
0.85,0.1503171759982179,1
0.9,0.105762221434298,1
0.95,0.06686168224520964,1
1.0,0.010801772432208052,1
0.0,1.0,0
0.05,0.9976581672269218,0
0.1,0.9871355215715923,1
0.15,0.9691493669750113,1
0.2,0.9448123146436401,1
0.25,0.9111669270478627,1
0.3,0.8656401342765759,1
0.35,0.8113781666043111,1
0.4,0.7498095962287604,1
0.45,0.6873813126415561,1
0.5,0.602398182927366,1
0.55,0.5130639435941935,1
0.6,0.42460491883804113,1
0.65,0.3423299315534882,1
0.7,0.2701241448319358,1
0.75,0.2086977856447248,1
0.8,0.15825822227918612,1
0.85,0.11724215673344623,1
0.9,0.08354844090529699,1
0.95,0.054282495069109434,1
1.0,0.014382187614531684,1
0.0,1.0,0
0.05,0.9982495235712917,0
0.1,0.990485786339494,1
0.15,0.976268265995266,1
0.2,0.95507012521619,1
0.25,0.9250936284934845,1
0.3,0.8808652598608142,1
0.35,0.8256277812609921,1
0.4,0.7617497602089237,1
0.45,0.6805582384924109,1
0.5,0.5911023922998846,1
0.55,0.5017064729046417,1
0.6,0.4143186601639989,1
0.65,0.3365213334986015,1
0.7,0.26613763923081424,1
0.75,0.20955156219137663,1
0.8,0.1596244121432786,1
0.85,0.11675380488264579,1
0.9,0.08242980997080317,1
0.95,0.05238715841272202,1
1.0,0.009684650421495751,1
0.0,0.9999999999999999,0
0.05,0.9980617142065271,0
0.1,0.9893250050013155,1
0.15,0.9743189434994921,1
0.2,0.9534130941839152,1
0.25,0.9267192169056767,1
0.3,0.8946528803162566,1
0.35,0.8577031942520391,1
0.4,0.8062654748586318,1
0.45,0.7449724096809437,1
0.5,0.6750345826246715,1
0.55,0.594718466419022,1
0.6,0.5050340505768898,1
0.65,0.4170014876651848,1
0.7,0.33482979934422696,1
0.75,0.260726673362342,1
0.8,0.19826776783389854,1
0.85,0.1466903796602604,1
0.9,0.10240574074736132,1
0.95,0.06439185540121609,1
1.0,0.007834841209880178,1
0.0,0.9999999999999999,0
0.05,0.9878977213948525,1
0.1,0.9214305952145165,1
0.15,0.8068447726689156,1
0.2,0.7445941646534165,1
0.25,0.6900021469222086,1
0.3,0.7515271555655852,1
0.35,0.7635324029609117,1
0.4,0.6970911311293237,1
0.45,0.6247715121696636,1
0.5,0.543753052092232,1
0.55,0.46155964904482094,1
0.6,0.38113835348426267,1
0.65,0.306878993033563,1
0.7,0.24057073834792903,1
0.75,0.18571998049853178,1
0.8,0.14059976040915223,1
0.85,0.10415637468535449,1
0.9,0.07463236917434088,1
0.95,0.05013919405702128,1
1.0,0.01872293407564229,1
0.0,0.9999999999999998,0
0.05,0.9943962624248336,1
0.1,0.9132007730507484,1
0.15,0.8408818700981368,1
0.2,0.8338837129963147,1
0.25,0.8535648685373867,1
0.3,0.6768054812536596,1
0.35,0.3661613102853451,1
0.4,0.389733964567362,1
0.45,0.4400696481840372,1
0.5,0.3316625452896163,1
0.55,0.24793116307573204,1
0.6,0.16781267371722727,1
0.65,0.09432189378979576,1
0.7,0.09086088777861971,1
0.75,0.09880476362049659,1
0.8,0.06993145536993137,1
0.85,0.05432128652636756,1
0.9,0.033157349445224554,1
0.95,0.037897897767091966,1
1.0,0.021590940607317612,1
0.0,1.0,0
0.05,0.9991473543789466,0
0.1,0.9955212529561117,0
0.15,0.9887483168267345,0
0.2,0.9786823755765345,1
0.25,0.9645628027046769,1
0.3,0.9452109093802873,1
0.35,0.9193816333315448,1
0.4,0.8843917771035005,1
0.45,0.8367446147428697,1
0.5,0.7730193774673171,1
0.55,0.6927136989898899,1
0.6,0.5989557362849662,1
0.65,0.49887798158263874,1
0.7,0.4024752677183949,1
0.75,0.315894102382398,1
0.8,0.2402009883245947,1
0.85,0.1766583913070614,1
0.9,0.1232577223548028,1
0.95,0.0771483362085847,1
1.0,0.010978370330765236,1
0.0,1.0,0
0.05,0.9978558132453285,0
0.1,0.9880023390710883,0
0.15,0.971058076741418,1
0.2,0.950215151450344,1
0.25,0.926392191133107,1
0.3,0.8957396706658889,1
0.35,0.848356341610583,1
0.4,0.8039620738863736,1
0.45,0.7525199905076365,1
0.5,0.6856525286777345,1
0.55,0.6051332364108198,1
0.6,0.516563009725266,1
0.65,0.42811217898197373,1
0.7,0.3446396003104794,1
0.75,0.2691768003671347,1
0.8,0.20468476486988157,1
0.85,0.1515618487606234,1
0.9,0.10719714754127724,1
0.95,0.06758875521022635,1
1.0,0.011935811320944385,1
0.0,1.0,0
0.05,0.9983094737542625,0
0.1,0.9912161106832593,1
0.15,0.978199550226592,1
0.2,0.9589379606608094,1
0.25,0.9348724024305575,1
0.3,0.905096610630078,1
0.35,0.8667704483039979,1
0.4,0.8190049171936593,1
0.45,0.7592035508198786,1
0.5,0.6855544819354641,1
0.55,0.5977344792006722,1
0.6,0.5060610724594569,1
0.65,0.41555921819089886,1
0.7,0.33249534400270003,1
0.75,0.2586228103493556,1
0.8,0.19631885053979345,1
0.85,0.14478913969569923,1
0.9,0.10162899347048682,1
0.95,0.06384265588650569,1
1.0,0.009186391800538067,1
0.0,1.0,0
0.05,0.9967774194311186,0
0.1,0.9912707177186139,0
0.15,0.9756150014728683,1
0.2,0.9448986046204402,1
0.25,0.8917179755605767,1
0.3,0.8431515335420601,1
0.35,0.7817252815942828,1
0.4,0.7115108678916319,1
0.45,0.5808780676627502,1
0.5,0.5764129770179818,1
0.55,0.41812833306978686,1
0.6,0.2440400066165679,1
0.65,0.18558709955102995,1
0.7,0.13358343686237747,1
0.75,0.10610346668656158,1
0.8,0.07674544259963881,1
0.85,0.06408633187998997,1
0.9,0.038968178362615284,1
0.95,0.03200008149710112,1
1.0,0.012191634848394547,1
0.0,0.9999999999999998,0
0.05,0.9975152889661397,0
0.1,0.9873577846471624,1
0.15,0.967615696379039,1
0.2,0.9355487024724642,1
0.25,0.8861910152857807,1
0.3,0.8341331996689595,1
0.35,0.7707079474986942,1
0.4,0.708497618065696,1
0.45,0.6363152100355798,1
0.5,0.5546761925629707,1
0.55,0.470395454373255,1
0.6,0.3878160773285558,1
0.65,0.30986532572193703,1
0.7,0.24172384998035065,1
0.75,0.18436976381206532,1
0.8,0.139271688903325,1
0.85,0.10444434196328918,1
0.9,0.07355434492308181,1
0.95,0.04961563787464099,1
1.0,0.012256163177982301,1
0.0,1.0,0
0.05,0.9974961969956704,0
0.1,0.9734475509881054,0
0.15,0.941826773437503,1
0.2,0.9183289521093005,1
0.25,0.9012737877672204,1
0.3,0.8921699770572427,1
0.35,0.873033099031839,1
0.4,0.8421447400343756,1
0.45,0.8027804949726031,1
0.5,0.7481224189433916,1
0.55,0.6745608400421622,1
0.6,0.5877320655718196,1
0.65,0.49190637984080315,1
0.7,0.3966003800302979,1
0.75,0.3120754840396865,1
0.8,0.23922545804002054,1
0.85,0.17449458074678778,1
0.9,0.12228410143672871,1
0.95,0.07510272656586295,1
1.0,0.0005008095479759218,1
0.0,1.0,0
0.05,0.9978647938925995,0
0.1,0.986705278986499,1
0.15,0.9649303341575287,1
0.2,0.9255422946850843,1
0.25,0.8916444244104488,1
0.3,0.8578962978461423,1
0.35,0.7854606099986777,1
0.4,0.7056014962780099,1
0.45,0.6149638438060451,1
0.5,0.5319675589948669,1
0.55,0.44461451309801353,1
0.6,0.3625217502702854,1
0.65,0.28550080729298005,1
0.7,0.21830102890131617,1
0.75,0.1618542565744875,1
0.8,0.11596328497165466,1
0.85,0.08242092555917697,1
0.9,0.05110178115883717,1
0.95,0.03558758383507639,1
1.0,0.0017920774112790037,1
0.0,1.0,1
0.05,0.997992414492865,0
0.1,0.9880238000285533,0
0.15,0.9696655712201339,1
0.2,0.9455145560643728,1
0.25,0.9112539031544711,1
0.3,0.8525609531935301,1
0.35,0.790341717846859,1
0.4,0.7088622111578669,1
0.45,0.5955529194353572,1
0.5,0.5018246352947963,1
0.55,0.4137660204074658,1
0.6,0.32546545513923325,1
0.65,0.2715281211867422,1
0.7,0.219303023771001,1
0.75,0.16863666226240218,1
0.8,0.12998583217101845,1
0.85,0.09641438535586369,1
0.9,0.06261560256435968,1
0.95,0.035370857842365704,1
1.0,-0.009190780381808471,1
0.0,0.9999999999999999,0
0.05,0.9977493197091891,0
0.1,0.9903276063327536,0
0.15,0.9758426405720734,1
0.2,0.9525722659428575,1
0.25,0.9184136717657301,1
0.3,0.8732877090660817,1
0.35,0.8161833785903843,1
0.4,0.7571940727309963,1
0.45,0.6835358464245904,1
0.5,0.6016007705977807,1
0.55,0.5145984405402694,1
0.6,0.42145878705334494,1
0.65,0.33473287730309065,1
0.7,0.26723844800076924,1
0.75,0.20563426005622926,1
0.8,0.15647129829270337,1
0.85,0.11538263280240812,1
0.9,0.08113169307861798,1
0.95,0.052109493577199836,1
1.0,0.009426173616779016,1
0.0,1.0,0
0.05,0.996251271098034,0
0.1,0.985402879239985,1
0.15,0.965634353416087,1
0.2,0.9341956399684043,1
0.25,0.8851613831392512,1
0.3,0.8320106521906433,1
0.35,0.7904950597951746,1
0.4,0.7393212280483429,1
0.45,0.6776977408316985,1
0.5,0.6088473392245433,1
0.55,0.5306668368037423,1
0.6,0.4470824591537777,1
0.65,0.36615388223322004,1
0.7,0.2904043872472598,1
0.75,0.22646775012671697,1
0.8,0.1717352326701391,1
0.85,0.12644325255747751,1
0.9,0.08864585724506831,1
0.95,0.05543092899761805,1
1.0,0.006559111808422339,1
0.0,0.9999999999999999,0
0.05,0.9891259713777568,0
0.1,0.8149238443795467,1
0.15,0.6383016553170967,1
0.2,0.5820926712498394,1
0.25,0.7543808588535168,1
0.3,0.7179889014866656,1
0.35,0.604678878751494,1
0.4,0.5247912580101812,1
0.45,0.4638693908492917,1
0.5,0.44477338512165127,1
0.55,0.2982611784451788,1
0.6,0.23397105818918845,1
0.65,0.18441363118994963,1
0.7,0.1319120115692602,1
0.75,0.12838468223359661,1
0.8,0.12535328776622898,1
0.85,0.0964307478284471,1
0.9,0.07136418590435874,1
0.95,0.05159754548870433,1
1.0,0.01558526126828179,1
0.0,0.9999999999999999,0
0.05,0.9949243152651358,1
0.1,0.9724850983775645,1
0.15,0.9332136413023334,1
0.2,0.8825181942649615,1
0.25,0.8851408515188657,1
0.3,0.8221412309698942,1
0.35,0.7525699209844005,1
0.4,0.6716454409181092,1
0.45,0.5807465385592034,1
0.5,0.4844122637505853,1
0.55,0.3956401163124669,1
0.6,0.3166804882175723,1
0.65,0.24958026547668766,1
0.7,0.19490349995857864,1
0.75,0.15011542485604662,1
0.8,0.1155265734492256,1
0.85,0.08796616009312563,1
0.9,0.066391041382737,1
0.95,0.049031317280588925,1
1.0,0.029610435235279908,1
0.0,1.0,0
0.05,0.9991281033732832,0
0.1,0.9955596282980443,0
0.15,0.9883959319973641,0
0.2,0.9761716928873304,1
0.25,0.9584957931298871,1
0.3,0.930652912748518,1
0.35,0.89925230267736,1
0.4,0.8567459730234496,1
0.45,0.800157794462556,1
0.5,0.7206991300829017,1
0.55,0.6338285920619685,1
0.6,0.5471742155294659,1
0.65,0.4575761607091669,1
0.7,0.36915103571975083,1
0.75,0.28866816597964834,1
0.8,0.22107059589505995,1
0.85,0.16395288820512077,1
0.9,0.11502122739042625,1
0.95,0.07054905776586068,1
1.0,0.006208128318849274,1
0.0,1.0,0
0.05,0.9985823460547555,0
0.1,0.9928626897690375,0
0.15,0.9826557958314399,1
0.2,0.967791358125431,1
0.25,0.9471494610018586,1
0.3,0.9188314601639241,1
0.35,0.8853934532705958,1
0.4,0.8479635622056717,1
0.45,0.8034817320209129,1
0.5,0.746250104272598,1
0.55,0.6745783324129129,1
0.6,0.5881010471421039,1
0.65,0.4963943279810855,1
0.7,0.40378032060027025,1
0.75,0.31876639073932606,1
0.8,0.2443769491157201,1
0.85,0.1789418036409683,1
0.9,0.12535026939955407,1
0.95,0.07682418745484954,1
1.0,0.0033132017529047264,1
0.0,1.0,0
0.05,0.994145473263329,1
0.1,0.9820493113952604,1
0.15,0.9695893181062492,1
0.2,0.9321488103945703,1
0.25,0.8334618362945828,1
0.3,0.770663349010907,1
0.35,0.6976281849608899,1
0.4,0.619564097784069,1
0.45,0.5230281886026267,1
0.5,0.45028502403858817,1
0.55,0.37585450477909826,1
0.6,0.30346517655936994,1
0.65,0.24146828019033414,1
0.7,0.18901659280595864,1
0.75,0.14657553650621785,1
0.8,0.11263987492608546,1
0.85,0.08551531749795441,1
0.9,0.06385816161612559,1
0.95,0.045586079079063424,1
1.0,0.02322708976186541,1
0.0,1.0,0
0.05,0.9966638503984797,0
0.1,0.96868352643985,1
0.15,0.9331471570029746,1
0.2,0.9025190356774773,1
0.25,0.8824148409162998,1
0.3,0.8457716571562914,1
0.35,0.7776146543218506,1
0.4,0.6978716606599339,1
0.45,0.6199085773467754,1
0.5,0.5416254705216357,1
0.55,0.4757755621470548,1
0.6,0.40240217658015204,1
0.65,0.3339807920775564,1
0.7,0.2679386602901672,1
0.75,0.20576962620061773,1
0.8,0.14912911688093727,1
0.85,0.10297436602065599,1
0.9,0.08286859788734952,1
0.95,0.05164373139875736,1
1.0,0.009941823373886053,1
0.0,1.0,0
0.05,0.9960836636533684,0
0.1,0.9861309053131244,0
0.15,0.9663228029396898,1
0.2,0.932740716740941,1
0.25,0.874379621934173,1
0.3,0.8158895232998414,1
0.35,0.7392718595877239,1
0.4,0.6565210690021946,1
0.45,0.5696684484717238,1
0.5,0.4849406969965336,1
0.55,0.4045618640191624,1
0.6,0.33017366561930916,1
0.65,0.26455249124865937,1
0.7,0.20904461068546681,1
0.75,0.16271047147645012,1
0.8,0.1244788070762649,1
0.85,0.09373445026186661,1
0.9,0.06853378903783715,1
0.95,0.047573487857108784,1
1.0,0.02221908717507991,1
0.0,0.9999999999999999,0
0.05,0.9984345394593449,0
0.1,0.990354394866581,0
0.15,0.9761229575009861,1
0.2,0.9576642768999495,1
0.25,0.9320556320623968,1
0.3,0.9085009573376461,1
0.35,0.8746208412181234,1
0.4,0.8319446697178564,1
0.45,0.7754593496087021,1
0.5,0.7040361299329007,1
0.55,0.6176590591380116,1
0.6,0.5270589499611907,1
0.65,0.43479631991863393,1
0.7,0.34786368404128293,1
0.75,0.2709935762459686,1
0.8,0.2049118746537543,1
0.85,0.15201462425575557,1
0.9,0.10616293798063306,1
0.95,0.06593743399268888,1
1.0,0.010675629971142983,1
0.0,0.9999999999999998,0
0.05,0.999181924044229,0
0.1,0.9954374146345305,1
0.15,0.9881862957110146,1
0.2,0.9770518267466637,1
0.25,0.9617539362327527,1
0.3,0.9402435589067542,1
0.35,0.9101911728458851,1
0.4,0.8699628137714919,1
0.45,0.8145187516736899,1
0.5,0.7440076186973574,1
0.55,0.6604543522831348,1
0.6,0.5690277881173208,1
0.65,0.4723004446670247,1
0.7,0.3826041261682691,1
0.75,0.29995769114975224,1
0.8,0.23075369205685692,1
0.85,0.170683901776226,1
0.9,0.12000422261781708,1
0.95,0.07495646519531798,1
1.0,0.009302605188448982,1
0.0,0.9999999999999999,0
0.05,0.9955505498612638,0
0.1,0.9787226027988003,1
0.15,0.9503877984322276,1
0.2,0.9151369393693928,1
0.25,0.8626119664575442,1
0.3,0.7954339526052784,1
0.35,0.7176830020722152,1
0.4,0.6310817532203821,1
0.45,0.5390033356422441,1
0.5,0.45068762739051826,1
0.55,0.3720301629936858,1
0.6,0.3017192314761235,1
0.65,0.24387622495321548,1
0.7,0.1888067054914596,1
0.75,0.14490140182448605,1
0.8,0.11094753335286085,1
0.85,0.08383496831687086,1
0.9,0.06382920817454449,1
0.95,0.047386744373163515,1
1.0,0.02678180203761911,1
0.0,1.0,1
0.05,0.9938875400145195,1
0.1,0.9694224237414163,1
0.15,0.9345829666141583,1
0.2,0.8983297730511022,1
0.25,0.8441440488930066,1
0.3,0.7737934400099234,1
0.35,0.6809508680715626,1
0.4,0.6301394154710361,1
0.45,0.5485237919408499,1
0.5,0.46744513703832286,1
0.55,0.3981680597833925,1
0.6,0.3205162253465469,1
0.65,0.24418029671661964,1
0.7,0.19238745690418937,1
0.75,0.15013981158895537,1
0.8,0.11763086321205658,1
0.85,0.08969894444368187,1
0.9,0.06614484658201178,1
0.95,0.04598922404709124,1
1.0,0.017203190349784073,1
0.0,1.0,0
0.05,0.9980223614370826,0
0.1,0.987071938995019,0
0.15,0.9736312646563324,0
0.2,0.9594892064509265,0
0.25,0.9356905409377535,1
0.3,0.9062526970134318,1
0.35,0.8615965415344741,1
0.4,0.7998753748537507,1
0.45,0.7260593482274775,1
0.5,0.6401497030934138,1
0.55,0.5472119097252329,1
0.6,0.45144271266150565,1
0.65,0.3518742908560571,1
0.7,0.2725110679054422,1
0.75,0.2116717245479787,1
0.8,0.15566521246472279,1
0.85,0.11753845208996123,1
0.9,0.08321498097132057,1
0.95,0.060872753122115944,1
1.0,0.028074023587582448,1
0.0,1.0,0
0.05,0.9982900741358398,0
0.1,0.9909031342237311,0
0.15,0.9798616117412722,0
0.2,0.9655018665478277,1
0.25,0.9369742701652971,1
0.3,0.8887257121030866,1
0.35,0.8075846552386725,1
0.4,0.6755717503222287,1
0.45,0.5624465268662725,1
0.5,0.4951475611177742,1
0.55,0.41542950672441886,1
0.6,0.3349689296443578,1
0.65,0.2683381516808916,1
0.7,0.21221764035994442,1
0.75,0.1659461836305085,1
0.8,0.12587475113455152,1
0.85,0.09408749316070543,1
0.9,0.06919662320449413,1
0.95,0.04882713108161853,1
1.0,0.026588709931212796,1
0.0,1.0,0
0.05,0.9981323297446245,0
0.1,0.9902797120702791,1
0.15,0.9760082720049953,1
0.2,0.9552961633107703,1
0.25,0.9276017075166821,1
0.3,0.8918537397734665,1
0.35,0.8459607167356511,1
0.4,0.7891249070810714,1
0.45,0.7191682767356503,1
0.5,0.6378955768636805,1
0.55,0.5487476417047529,1
0.6,0.45544683290368443,1
0.65,0.3693639930902018,1
0.7,0.2929310029088576,1
0.75,0.22708376322511026,1
0.8,0.17210216488525523,1
0.85,0.12688383355527258,1
0.9,0.0893046990530103,1
0.95,0.056679954035430045,1
1.0,0.010018293058686362,1
0.0,1.0,0
0.05,0.9985162920301157,0
0.1,0.9918316899927374,0
0.15,0.9795788386624961,1
0.2,0.9623559458537854,1
0.25,0.9405069931477943,1
0.3,0.9085549008116686,1
0.35,0.864610243411778,1
0.4,0.8173997584002298,1
0.45,0.7537912242534935,1
0.5,0.6791368724857371,1
0.55,0.5887872150532275,1
0.6,0.49464597627150936,1
0.65,0.4107774875952049,1
0.7,0.3313098625383244,1
0.75,0.2632742329894852,1
0.8,0.20189835758430857,1
0.85,0.14967023942770116,1
0.9,0.10559516778195595,1
0.95,0.06701445501405424,1
1.0,0.009840765296882764,1
0.0,1.0,0
0.05,0.9951069905146118,1
0.1,0.9758824364977772,1
0.15,0.9452048535860673,1
0.2,0.9072266967889437,1
0.25,0.8576254807887844,1
0.3,0.7927910540157072,1
0.35,0.7207505891992803,1
0.4,0.6375665188186918,1
0.45,0.5517702273042939,1
0.5,0.4675409087592479,1
0.55,0.38678046852710635,1
0.6,0.31368879413249023,1
0.65,0.2502308320953901,1
0.7,0.19834529618186078,1
0.75,0.15435040431101713,1
0.8,0.11803297196387039,1
0.85,0.08721649752498123,1
0.9,0.06281235488493231,1
0.95,0.0435434605658184,1
1.0,0.019241319451992388,1
0.0,1.0,0
0.05,0.9979899930027262,1
0.1,0.9891734808749818,1
0.15,0.9732440514502608,1
0.2,0.9506984541295591,1
0.25,0.9214361912820256,1
0.3,0.8841338403362435,1
0.35,0.8324563585670568,1
0.4,0.7729175893158058,1
0.45,0.702439541594629,1
0.5,0.6218452726959347,1
0.55,0.5344367721142819,1
0.6,0.44434207861758246,1
0.65,0.36019773770666624,1
0.7,0.2853776458548558,1
0.75,0.2211235499474389,1
0.8,0.16744365723680824,1
0.85,0.12307136017561746,1
0.9,0.08654932835704088,1
0.95,0.05469781367914057,1
1.0,0.008828862403650082,1
0.0,1.0,0
0.05,0.9988050712680462,0
0.1,0.993444996618485,0
0.15,0.9834513128230276,1
0.2,0.9690857666487424,1
0.25,0.9513443826609598,1
0.3,0.9284211449980091,1
0.35,0.8962636431628206,1
0.4,0.8545339953423519,1
0.45,0.7988220296868268,1
0.5,0.727002651174963,1
0.55,0.6423994299991219,1
0.6,0.5477839498930822,1
0.65,0.452726441723802,1
0.7,0.3628157307572563,1
0.75,0.2832802522854307,1
0.8,0.21556572218291226,1
0.85,0.15912082627394278,1
0.9,0.1122132075200605,1
0.95,0.07129028148443554,1
1.0,0.012732923262963571,1
0.0,1.0,0
0.05,0.9984471594577383,1
0.1,0.9910988595498192,1
0.15,0.9773052686171555,1
0.2,0.9577481749047151,1
0.25,0.9321336099570426,1
0.3,0.8970180744052673,1
0.35,0.8532732251588964,1
0.4,0.7961808932331286,1
0.45,0.7257021699796545,1
0.5,0.644328351398482,1
0.55,0.5543821773793738,1
0.6,0.4644265894013823,1
0.65,0.3782146041040064,1
0.7,0.3013018418438516,1
0.75,0.23462672120912448,1
0.8,0.17844935729467915,1
0.85,0.13136938694408165,1
0.9,0.09263580487242619,1
0.95,0.05901446027327668,1
1.0,0.011350982078920699,1
0.0,0.9999999999999999,0
0.05,0.9982448365250407,0
0.1,0.9919107553807355,0
0.15,0.979608555168883,0
0.2,0.9587050321553374,1
0.25,0.9210439571167557,1
0.3,0.8800181673106793,1
0.35,0.8353433536393793,1
0.4,0.7620855071088919,1
0.45,0.6949576397380597,1
0.5,0.6354905080529243,1
0.55,0.5553522583940391,1
0.6,0.465754632262975,1
0.65,0.3935747257658639,1
0.7,0.3152190108160161,1
0.75,0.25332983106509344,1
0.8,0.19445910956331716,1
0.85,0.14405743239633848,1
0.9,0.10164989790192083,1
0.95,0.06447177272727561,1
1.0,0.004860288269978391,1
0.0,1.0,0
0.05,0.9991984321661979,0
0.1,0.9958798071187657,0
0.15,0.9891034246570464,0
0.2,0.9786740948068039,1
0.25,0.9644925683719623,1
0.3,0.9451706524676052,1
0.35,0.9192077366403715,1
0.4,0.8838340188333289,1
0.45,0.8360127885477394,1
0.5,0.7727398021717221,1
0.55,0.6946741937188265,1
0.6,0.604657322055457,1
0.65,0.5085330796876397,1
0.7,0.4145706903925708,1
0.75,0.3275621421746442,1
0.8,0.25093527494874573,1
0.85,0.18623966443845844,1
0.9,0.13112775927449422,1
0.95,0.08254678301571779,1
1.0,0.011518492118553882,1
0.0,1.0,0
0.05,0.9988354503333585,0
0.1,0.9927512588232985,0
0.15,0.9818284542353669,1
0.2,0.9678102050379085,1
0.25,0.9510433637435917,1
0.3,0.9285063993607086,1
0.35,0.8971691828186664,1
0.4,0.8599545432348606,1
0.45,0.7963670671915087,1
0.5,0.7280586374671664,1
0.55,0.6455098838159455,1
0.6,0.5534687334779559,1
0.65,0.45982344465854014,1
0.7,0.3713750305793166,1
0.75,0.29151560991750314,1
0.8,0.22185159079899555,1
0.85,0.16393373578178425,1
0.9,0.11404799011578155,1
0.95,0.07109839668126765,1
1.0,0.01022528821384386,1
0.0,1.0,0
0.05,0.9904238468801183,0
0.1,0.9804673832505645,0
0.15,0.9466679436537815,0
0.2,0.8797944416082759,1
0.25,0.8083372868281199,1
0.3,0.6966611302175231,1
0.35,0.6043558001608086,1
0.4,0.5442492880599483,1
0.45,0.4650702899575336,1
0.5,0.38290463075621006,1
0.55,0.33593029635021626,1
0.6,0.2840110512223875,1
0.65,0.24502081512622775,1
0.7,0.20140535583277835,1
0.75,0.15681169155560992,1
0.8,0.12485337382032495,1
0.85,0.09149810914509172,1
0.9,0.06091128562436809,1
0.95,0.03495160358875645,1
1.0,-0.005685513272036143,1
0.0,1.0,1
0.05,0.9963151809747859,0
0.1,0.9845556966867539,0
0.15,0.9628250321364308,1
0.2,0.9293678619130491,1
0.25,0.8861097250978505,1
0.3,0.8252617580594165,1
0.35,0.7510608633476974,1
0.4,0.6681467136325185,1
0.45,0.5826965108357446,1
0.5,0.49728694098764525,1
0.55,0.40713209252698884,1
0.6,0.32446227709054687,1
0.65,0.2584843256743697,1
0.7,0.19646190125095594,1
0.75,0.1483240500800205,1
0.8,0.11242880510701705,1
0.85,0.08043874947418592,1
0.9,0.0518219868521403,1
0.95,0.027336467942877266,1
1.0,-0.009020424297141786,1
0.0,1.0,0
0.05,0.9925957199398945,1
0.1,0.9830695463139055,1
0.15,0.962654067325528,1
0.2,0.9295484985369186,1
0.25,0.742659988425084,1
0.3,0.6455161329778191,1
0.35,0.5272108882503107,1
0.4,0.4312779104049464,1
0.45,0.30036056449965787,1
0.5,0.2995309521822016,1
0.55,0.2763562637953585,1
0.6,0.19230081954079986,1
0.65,0.2091365426869256,1
0.7,0.1561286044615201,1
0.75,0.1384375099577176,1
0.8,0.11225707547900708,1
0.85,0.08561250820150243,1
0.9,0.06197418869711494,1
0.95,0.04345348848096933,1
1.0,0.01688459832613835,1
0.0,1.0,0
0.05,0.9952171948192242,0
0.1,0.9516227923951951,1
0.15,0.9068561915940739,1
0.2,0.8741708073137682,1
0.25,0.874954684328886,1
0.3,0.8042449166750864,1
0.35,0.7225301495350182,1
0.4,0.6535911146446348,1
0.45,0.5711772492126678,1
0.5,0.467041745461926,1
0.55,0.37050836662487663,1
0.6,0.2785683995169253,1
0.65,0.19789134405125625,1
0.7,0.1626865331896173,1
0.75,0.1086997017453015,1
0.8,0.08324843485285045,1
0.85,0.06523883164729537,1
0.9,0.034784237187555765,1
0.95,0.03066057903089887,1
1.0,0.01532365065128038,1
0.0,1.0,0
0.05,0.9990256023492484,0
0.1,0.9950933243578586,0
0.15,0.9875763407763293,0
0.2,0.9761288171285214,1
0.25,0.9598736857885843,1
0.3,0.9388557537654775,1
0.35,0.9129418214566342,1
0.4,0.8782419164411222,1
0.45,0.831550482682939,1
0.5,0.765926733720184,1
0.55,0.6895105116258808,1
0.6,0.6021345753803056,1
0.65,0.5075921409762232,1
0.7,0.414533948669937,1
0.75,0.3272723246778329,1
0.8,0.24998378581614514,1
0.85,0.18428054181701542,1
0.9,0.12921163682538836,1
0.95,0.07989238141174458,1
1.0,0.007661886847512614,1
0.0,0.9999999999999999,0
0.05,0.9986889120064075,0
0.1,0.9881453454075004,0
0.15,0.9706715520933847,1
0.2,0.9543675980322759,1
0.25,0.9363916252320995,1
0.3,0.9069428134525239,1
0.35,0.8714500815144537,1
0.4,0.8183049238989113,1
0.45,0.7440576207419185,1
0.5,0.6653359291051593,1
0.55,0.5768753741106522,1
0.6,0.4829388392930614,1
0.65,0.38761740713676807,1
0.7,0.30223547150739594,1
0.75,0.23323758422438648,1
0.8,0.17461188096819918,1
0.85,0.1262375160595269,1
0.9,0.08709605811616503,1
0.95,0.05172496112070854,1
1.0,0.00696193443073926,1
0.0,1.0,0
0.05,0.9955958352611177,0
0.1,0.9800991709339931,1
0.15,0.9537036599114247,1
0.2,0.9135954077613618,1
0.25,0.8642359823850988,1
0.3,0.8014542059574067,1
0.35,0.7194661282477439,1
0.4,0.6026687874472629,1
0.45,0.5123258612018061,1
0.5,0.43311729371345864,1
0.55,0.3681984423548148,1
0.6,0.3115177888602976,1
0.65,0.25588175378221756,1
0.7,0.2067356026173831,1
0.75,0.1621080352421541,1
0.8,0.12166782907931398,1
0.85,0.09075350833201536,1
0.9,0.0629217042409997,1
0.95,0.039278265264540854,1
1.0,0.0038550145255490773,1
0.0,1.0,0
0.05,0.9988882527092205,1
0.1,0.9920427953712795,1
0.15,0.9806470826084365,1
0.2,0.9686315279783289,1
0.25,0.9570133384736585,1
0.3,0.9444671504735659,1
0.35,0.9295201529119673,1
0.4,0.9096813815216154,1
0.45,0.8819780948568021,1
0.5,0.8437189854578772,1
0.55,0.7861855722222586,1
0.6,0.7166139961825458,1
0.65,0.6306294469627369,1
0.7,0.5357426577819153,1
0.75,0.43698315767288004,1
0.8,0.3422395686135849,1
0.85,0.25517811044571614,1
0.9,0.17884917466122222,1
0.95,0.10822639236827228,1
1.0,-0.0006782966389847064,1
0.0,1.0,0
0.05,0.9970137177486884,0
0.1,0.9864196901593855,1
0.15,0.9673165459276275,1
0.2,0.9392124848139746,1
0.25,0.9015902025048789,1
0.3,0.854330318027773,1
0.35,0.7778878456649602,1
0.4,0.6974789047532902,1
0.45,0.6077469729694562,1
0.5,0.5217979048856971,1
0.55,0.43599227249194844,1
0.6,0.3557809013499106,1
0.65,0.28447339475303796,1
0.7,0.2235540022784974,1
0.75,0.17352046914769217,1
0.8,0.13182709615586866,1
0.85,0.0986635196537513,1
0.9,0.07132728893664816,1
0.95,0.04800994932703112,1
1.0,0.016303845396545273,1
0.0,1.0,0
0.05,0.998465179140014,0
0.1,0.9909484349933466,0
0.15,0.9777291639094184,0
0.2,0.9606610018098211,1
0.25,0.9385845718912439,1
0.3,0.9107183513235556,1
0.35,0.8799039212483064,1
0.4,0.8372452764340993,1
0.45,0.7806202253315772,1
0.5,0.7124654075755694,1
0.55,0.6368559516107457,1
0.6,0.5525208486250213,1
0.65,0.46250846930163114,1
0.7,0.3750876618939965,1
0.75,0.2949136197403675,1
0.8,0.2259706947538155,1
0.85,0.1684351663274651,1
0.9,0.11761149161219492,1
0.95,0.07242446979259268,1
1.0,0.005723049136599685,1
0.0,1.0,0
0.05,0.9985919402155191,0
0.1,0.9919473209364874,0
0.15,0.9797498057388419,0
0.2,0.962746172658198,1
0.25,0.9429710231037697,1
0.3,0.9167992687947026,1
0.35,0.8858353118497374,1
0.4,0.8498729720206483,1
0.45,0.799777524168413,1
0.5,0.7328472204395188,1
0.55,0.6539813424318743,1
0.6,0.5552370906527285,1
0.65,0.4625266666674826,1
0.7,0.37654877052450275,1
0.75,0.29751967771325233,1
0.8,0.22662986205737845,1
0.85,0.16703779682629263,1
0.9,0.11649834982461611,1
0.95,0.07191255810518385,1
1.0,0.0023445205551775867,1
0.0,1.0,0
0.05,0.9980047062984383,0
0.1,0.9891750324069881,0
0.15,0.9716591606731296,1
0.2,0.9481398156595181,1
0.25,0.9232229620191753,1
0.3,0.8983369206428381,1
0.35,0.8617821205967182,1
0.4,0.8128105633665161,1
0.45,0.7546403881504467,1
0.5,0.6814692170318892,1
0.55,0.5998552222204304,1
0.6,0.510590666605198,1
0.65,0.422954898739971,1
0.7,0.339571893845043,1
0.75,0.2652378673270823,1
0.8,0.20203778473372175,1
0.85,0.14934669944083082,1
0.9,0.10494092293243683,1
0.95,0.06691659633350809,1
1.0,0.011937096321446522,1
0.0,1.0,0
0.05,0.9916860613202777,1
0.1,0.9658708298109786,1
0.15,0.9203602372390598,1
0.2,0.8449405605576794,1
0.25,0.8260648010397309,1
0.3,0.7909219764176119,1
0.35,0.7103398145681312,1
0.4,0.6235565208925746,1
0.45,0.5432518088095115,1
0.5,0.4519472701721839,1
0.55,0.37526869712322786,1
0.6,0.2995564751568298,1
0.65,0.2346396927237273,1
0.7,0.1810425812055186,1
0.75,0.1387570357320445,1
0.8,0.10051991354935999,1
0.85,0.07538786957313946,1
0.9,0.05752561261209488,1
0.95,0.04066893028584783,1
1.0,0.02262093696662597,1
0.0,1.0,0
0.05,0.9961257452485484,0
0.1,0.9807472958856549,0
0.15,0.9536105263669652,1
0.2,0.9171201582802234,1
0.25,0.8682878204934648,1
0.3,0.8056981540803597,1
0.35,0.7133813076587296,1
0.4,0.6084386428943229,1
0.45,0.4902978377903512,1
0.5,0.37109319866287604,1
0.55,0.33479950538059294,1
0.6,0.31215491921062516,1
0.65,0.2699093811726978,1
0.7,0.21062962918557782,1
0.75,0.1622971603851809,1
0.8,0.12471875723743514,1
0.85,0.09283075165526483,1
0.9,0.06413630149649652,1
0.95,0.042590904871831786,1
1.0,0.014813923278573695,1
0.0,1.0,1
0.05,0.9962755500831327,1
0.1,0.9844287564987232,1
0.15,0.961472085590332,1
0.2,0.9219644850569819,1
0.25,0.8742446545693592,1
0.3,0.7976013240581141,1
0.35,0.7175080486840224,1
0.4,0.6353358041038506,1
0.45,0.5453710317225128,1
0.5,0.4571741220149074,1
0.55,0.37279965319834035,1
0.6,0.30680753801408195,1
0.65,0.24551391309697598,1
0.7,0.19153613456806015,1
0.75,0.1483799463327864,1
0.8,0.11598180730750304,1
0.85,0.08964660503969654,1
0.9,0.06560806335555297,1
0.95,0.045847533547951166,1
1.0,0.02827917721875302,1
0.0,1.0,0
0.05,0.99853292618823,0
0.1,0.9916034223133147,1
0.15,0.9784655080947359,1
0.2,0.9597375358030995,1
0.25,0.9344593511389698,1
0.3,0.9022106869137929,1
0.35,0.8604083167306247,1
0.4,0.79553701768889,1
0.45,0.7256829146676728,1
0.5,0.6456658224998966,1
0.55,0.5576475004973857,1
0.6,0.4677488084952023,1
0.65,0.38096563007804746,1
0.7,0.3036915083718753,1
0.75,0.23649888858618945,1
0.8,0.17949771102087536,1
0.85,0.1329433231018176,1
0.9,0.09367048799918926,1
0.95,0.05991981693972064,1
1.0,0.012530503498364947,1
0.0,0.9999999999999998,0
0.05,0.9996830299983012,0
0.1,0.9981144076669318,0
0.15,0.9950905871382365,0
0.2,0.9907066825312882,1
0.25,0.9845558190562511,1
0.3,0.9758200580384707,1
0.35,0.9644362937667476,1
0.4,0.9485034495089886,1
0.45,0.9258574134984607,1
0.5,0.8932466417988748,1
0.55,0.8459642252819974,1
0.6,0.7817240646269692,1
0.65,0.6997030779855912,1
0.7,0.6039217861881159,1
0.75,0.5007372137416708,1
0.8,0.3970478537496365,1
0.85,0.3003806460683494,1
0.9,0.21202099536558788,1
0.95,0.13032568835939617,1
1.0,0.004432816016917925,1
0.0,1.0,0
0.05,0.9963498721273806,0
0.1,0.9817402707629713,1
0.15,0.9576948447683604,1
0.2,0.9243273918839804,1
0.25,0.8849262081133201,1
0.3,0.8390473610502377,1
0.35,0.7769669657402171,1
0.4,0.696079997218047,1
0.45,0.6010323491813032,1
0.5,0.514300176042206,1
0.55,0.4326594381685448,1
0.6,0.3603178403040661,1
0.65,0.2923695027731309,1
0.7,0.23747246448837092,1
0.75,0.18719965563918756,1
0.8,0.14283110023968568,1
0.85,0.10800773518004952,1
0.9,0.07534984915241762,1
0.95,0.045573479232049505,1
1.0,0.0033416059414981217,1
0.0,1.0,0
0.05,0.9991550601388058,0
0.1,0.9947693471417687,0
0.15,0.9870264645867275,1
0.2,0.9769160592753695,1
0.25,0.96531914606994,1
0.3,0.9520266058060535,1
0.35,0.9351462776015477,1
0.4,0.9124161033974039,1
0.45,0.8800866020568027,1
0.5,0.835142593519859,1
0.55,0.7758612149842025,1
0.6,0.7006649388523829,1
0.65,0.6111794008668879,1
0.7,0.5146899293913771,1
0.75,0.4167032040785446,1
0.8,0.3241860130295633,1
0.85,0.24161050593277306,1
0.9,0.1688883378275847,1
0.95,0.10293804300009655,1
1.0,0.0023654193599842574,1
0.0,0.9999999999999998,0
0.05,0.9966118093604722,0
0.1,0.9892516071437857,0
0.15,0.974522423701109,0
0.2,0.941805861954431,1
0.25,0.9015056878685489,1
0.3,0.8556430811690368,1
0.35,0.7869672509112826,1
0.4,0.7012963509191623,1
0.45,0.6110359874262112,1
0.5,0.5117829904716931,1
0.55,0.42014487658473704,1
0.6,0.33800849721946485,1
0.65,0.2729647248479598,1
0.7,0.2165538311009697,1
0.75,0.16846062687888771,1
0.8,0.12847578774444035,1
0.85,0.09640303428063425,1
0.9,0.07055893236145845,1
0.95,0.04904226736067789,1
1.0,0.020874883447001606,1
0.0,0.9999999999999999,0
0.05,0.9953221104204539,0
0.1,0.9771443313325019,1
0.15,0.9439261865305296,1
0.2,0.8970868431039116,1
0.25,0.8352741257884899,1
0.3,0.7598918796061809,1
0.35,0.6872241025028203,1
0.4,0.6119508325678255,1
0.45,0.5317728698900911,1
0.5,0.45599372910792696,1
0.55,0.38999034072192823,1
0.6,0.32030705578267904,1
0.65,0.2622246367038942,1
0.7,0.21240198434746496,1
0.75,0.1686327698081644,1
0.8,0.13130086868297258,1
0.85,0.10163203059547642,1
0.9,0.07518797585617194,1
0.95,0.051106394043424194,1
1.0,0.021255994995172743,1
0.0,1.0,0
0.05,0.9908155816594612,1
0.1,0.9818390211772875,1
0.15,0.9585358066836911,1
0.2,0.9108243927602098,1
0.25,0.7844367330112311,1
0.3,0.7414087253771454,1
0.35,0.6902101117363112,1
0.4,0.6210391711317329,1
0.45,0.5557720736611814,1
0.5,0.4730784879763281,1
0.55,0.39225446251394486,1
0.6,0.3156145322556679,1
0.65,0.24874251938812067,1
0.7,0.19298305343674885,1
0.75,0.14788785011509192,1
0.8,0.11283669394808855,1
0.85,0.08468642431038848,1
0.9,0.062267526212912025,1
0.95,0.04434121301550558,1
1.0,0.021850821906384845,1
0.0,1.0,0
0.05,0.9992296786069563,0
0.1,0.9950757786308606,0
0.15,0.9874208793886833,1
0.2,0.9766627242245127,1
0.25,0.9641393438970857,1
0.3,0.9465073121587197,1
0.35,0.9256227083235556,1
0.4,0.8978225441660267,1
0.45,0.8590945346165916,1
0.5,0.807331290323069,1
0.55,0.7376054998539603,1
0.6,0.653722247330969,1
0.65,0.5601694619486989,1
0.7,0.46387185463281083,1
0.75,0.3670560413140793,1
0.8,0.2826395893421363,1
0.85,0.20943753638791268,1
0.9,0.14570009169415954,1
0.95,0.0887908950234798,1
1.0,0.00306266554543606,1
0.0,1.0,0
0.05,0.9951113946819032,1
0.1,0.976552276370875,1
0.15,0.9424082928259667,1
0.2,0.9060849250027412,1
0.25,0.8642817963393651,1
0.3,0.8047946942715465,1
0.35,0.7322143596511699,1
0.4,0.6540635899986349,1
0.45,0.5782427190530995,1
0.5,0.4936419082909957,1
0.55,0.4120819191489369,1
0.6,0.3360088741572021,1
0.65,0.2681520500579854,1
0.7,0.21001667682837472,1
0.75,0.1623329512026085,1
0.8,0.1232780061273194,1
0.85,0.09211792886519618,1
0.9,0.06718405148500242,1
0.95,0.046488720378725326,1
1.0,0.02021836744196045,1
0.0,0.9999999999999998,0
0.05,0.9949086795636151,0
0.1,0.8198806326741743,1
0.15,0.7155001037427643,1
0.2,0.812635845143115,1
0.25,0.8393099987957165,1
0.3,0.7874017164734788,1
0.35,0.7437949412176239,1
0.4,0.6221333636771099,1
0.45,0.5834445237092918,1
0.5,0.540731533112084,1
0.55,0.48879207501440597,1
0.6,0.416610292415838,1
0.65,0.3433493604242159,1
0.7,0.27320342433180195,1
0.75,0.21365770442635232,1
0.8,0.16490228308964408,1
0.85,0.12446153060517504,1
0.9,0.08635069876482422,1
0.95,0.05331115226574506,1
1.0,0.0060183576085036045,1
0.0,1.0,0
0.05,0.9943937091550452,1
0.1,0.9652562353522083,1
0.15,0.9153540871657431,1
0.2,0.8498230345406796,1
0.25,0.781138525165588,1
0.3,0.7660839014584911,1
0.35,0.7415583040028693,1
0.4,0.723374845942682,1
0.45,0.6677872334093605,1
0.5,0.5832964812088743,1
0.55,0.49161932569343514,1
0.6,0.410338582358914,1
0.65,0.3351186498855566,1
0.7,0.26397749918979596,1
0.75,0.20738254128916409,1
0.8,0.1513041695879685,1
0.85,0.11008022889156921,1
0.9,0.0739597618190882,1
0.95,0.04428104926002251,1
1.0,-0.004343628574421909,1
0.0,1.0,0
0.05,0.9896560918041246,1
0.1,0.9611460186578972,1
0.15,0.9059952946399645,1
0.2,0.861717927964378,1
0.25,0.8537513422419387,1
0.3,0.8549587273090998,1
0.35,0.6731154585486149,1
0.4,0.48875142961260404,1
0.45,0.1798398252664351,1
0.5,0.27923719189625884,1
0.55,0.3350396758054175,1
0.6,0.2814729510228483,1
0.65,0.24459429428287965,1
0.7,0.19316516856184165,1
0.75,0.15054765864986244,1
0.8,0.11205210371269542,1
0.85,0.08568104952759528,1
0.9,0.06437357601610648,1
0.95,0.04657886432290318,1
1.0,0.027609857476981615,1
0.0,1.0,0
0.05,0.9987272049758662,0
0.1,0.9925477981918397,0
0.15,0.9814571325495861,1
0.2,0.9657886136460277,1
0.25,0.945468382544356,1
0.3,0.9243050745555449,1
0.35,0.8963603182090869,1
0.4,0.8548952398837554,1
0.45,0.8042833528395662,1
0.5,0.7419810540484548,1
0.55,0.6659861346064305,1
0.6,0.5803155992170508,1
0.65,0.4893804511742733,1
0.7,0.39982809041130174,1
0.75,0.3147785942690368,1
0.8,0.2412199805438864,1
0.85,0.1777869016815085,1
0.9,0.12406617877850493,1
0.95,0.07675309463103741,1
1.0,0.004138223687739689,1
0.0,0.9999999999999999,0
0.05,0.9986285859906286,0
0.1,0.9927614198903423,1
0.15,0.9819098145527478,1
0.2,0.9664635328758848,1
0.25,0.9457061063128022,1
0.3,0.9175491050086559,1
0.35,0.8804775820402502,1
0.4,0.8336957518081433,1
0.45,0.7661216608956665,1
0.5,0.6907627746224593,1
0.55,0.6069635861961129,1
0.6,0.5147516164283438,1
0.65,0.42091709952475725,1
0.7,0.33833007200740517,1
0.75,0.2638497238667898,1
0.8,0.20121664482219015,1
0.85,0.14764308565692766,1
0.9,0.10326613996222142,1
0.95,0.06475922237410135,1
1.0,0.007951588115800004,1
0.0,1.0,0
0.05,0.9981140296478296,0
0.1,0.9901702604292916,0
0.15,0.9753237216175509,0
0.2,0.9522125864777554,1
0.25,0.9176391249067427,1
0.3,0.8709849376842469,1
0.35,0.8055843220554249,1
0.4,0.7553134486607527,1
0.45,0.7013276033243632,1
0.5,0.631843527575278,1
0.55,0.5538364378621164,1
0.6,0.47805093759197614,1
0.65,0.3999772187698172,1
0.7,0.3222635129457615,1
0.75,0.2512101586035173,1
0.8,0.19049589523912078,1
0.85,0.1403338034620804,1
0.9,0.09700604529288068,1
0.95,0.05940565627611365,1
1.0,0.005729151854608136,1
0.0,1.0,0
0.05,0.9968064580760427,0
0.1,0.9854395711688683,1
0.15,0.9650729329688075,1
0.2,0.9346273797920233,1
0.25,0.8937540346597674,1
0.3,0.8391470579820901,1
0.35,0.7811187438250969,1
0.4,0.7140819879434973,1
0.45,0.6391995945807698,1
0.5,0.560761649415699,1
0.55,0.47769434787948256,1
0.6,0.4019174017463822,1
0.65,0.32464504826807683,1
0.7,0.2549679462086027,1
0.75,0.1979587870660857,1
0.8,0.14940380357783223,1
0.85,0.11068127203672977,1
0.9,0.07854964382181745,1
0.95,0.05046502733756661,1
1.0,0.01264889270790545,1
0.0,0.9999999999999999,0
0.05,0.9984101179257167,0
0.1,0.9900059617251896,0
0.15,0.9752981417507616,0
0.2,0.9579358552681269,1
0.25,0.9315089341578063,1
0.3,0.8779354431169576,1
0.35,0.8214036117963153,1
0.4,0.7583874190192235,1
0.45,0.6801935436858767,1
0.5,0.5819006299803037,1
0.55,0.497382460536376,1
0.6,0.42224361060100984,1
0.65,0.3538640630981053,1
0.7,0.27888232424540127,1
0.75,0.22321073596688068,1
0.8,0.1681873985944231,1
0.85,0.12542783375653485,1
0.9,0.08734758483196911,1
0.95,0.05458754272906499,1
1.0,0.005966268867234786,1
0.0,0.9999999999999999,1
0.05,0.9973080728455277,0
0.1,0.9892047982974583,0
0.15,0.9715362236235857,1
0.2,0.9432656716799841,1
0.25,0.8995214230877477,1
0.3,0.8435772281053755,1
0.35,0.772180163325489,1
0.4,0.6601191641003987,1
0.45,0.5529534579936873,1
0.5,0.4611950585661661,1
0.55,0.40372315532194325,1
0.6,0.33194738019841463,1
0.65,0.24731778459497852,1
0.7,0.19646930116709357,1
0.75,0.1505918991317308,1
0.8,0.11482428114652106,1
0.85,0.08277676180243398,1
0.9,0.06069661824548929,1
0.95,0.03495235932454661,1
1.0,-0.004923847490278086,1
0.0,1.0,0
0.05,0.9986208757152805,0
0.1,0.9928169813650776,1
0.15,0.9822792702531912,1
0.2,0.9668674704111021,1
0.25,0.9445298015117753,1
0.3,0.9142331096863231,1
0.35,0.8745041702315199,1
0.4,0.8169028707421526,1
0.45,0.7522745390640782,1
0.5,0.6709096930443784,1
0.55,0.5810956174087454,1
0.6,0.48833900725420365,1
0.65,0.3983867754038485,1
0.7,0.3177440955401159,1
0.75,0.24655548519157672,1
0.8,0.18686245871417725,1
0.85,0.13786316639255408,1
0.9,0.09729877023728765,1
0.95,0.0612759516427828,1
1.0,0.011141254016338113,1
0.0,1.0,0
0.05,0.9984817562172081,0
0.1,0.9917318437691156,1
0.15,0.979020705840899,1
0.2,0.9600243835087604,1
0.25,0.9317228259897476,1
0.3,0.9003582876058673,1
0.35,0.8602113171775231,1
0.4,0.8126186277999498,1
0.45,0.7355717360685342,1
0.5,0.6450540438178228,1
0.55,0.559683209716903,1
0.6,0.46619649189599227,1
0.65,0.37792226387552397,1
0.7,0.30083767264545913,1
0.75,0.23332318779705946,1
0.8,0.17600320796757024,1
0.85,0.1292532497592737,1
0.9,0.09054879767473367,1
0.95,0.05659831714953548,1
1.0,0.007362914731493217,1
0.0,1.0,0
0.05,0.9979315141427951,0
0.1,0.9894010682673674,0
0.15,0.9746571929968099,1
0.2,0.9545144866962062,1
0.25,0.9291586006815383,1
0.3,0.8976408543288698,1
0.35,0.8584796031118477,1
0.4,0.8097623339323552,1
0.45,0.7484826193757514,1
0.5,0.6752283335051004,1
0.55,0.5916724693156221,1
0.6,0.5021619897226152,1
0.65,0.4118620316511751,1
0.7,0.3299747579375904,1
0.75,0.25683153673797593,1
0.8,0.19568240354329772,1
0.85,0.1447685388240998,1
0.9,0.10208751728063206,1
0.95,0.06482283818134026,1
1.0,0.01144949090691601,1
0.0,1.0,0
0.05,0.9952437491216094,0
0.1,0.9839162834079228,0
0.15,0.9648625861930856,1
0.2,0.9472394719117778,1
0.25,0.8693232475588644,1
0.3,0.6737093728473685,1
0.35,0.7566911584051208,1
0.4,0.6712976009241659,1
0.45,0.6122752950480365,1
0.5,0.54235674231053,1
0.55,0.45345380554948267,1
0.6,0.36374715997977247,1
0.65,0.28424270459277357,1
0.7,0.217758108695939,1
0.75,0.16327673331348774,1
0.8,0.1230185417518979,1
0.85,0.08955670801923862,1
0.9,0.06459692607944051,1
0.95,0.04391330135667236,1
1.0,0.020222807108183707,1
0.0,1.0,0
0.05,0.9774178037691438,1
0.1,0.979298581427516,1
0.15,0.9450578134491501,1
0.2,0.8503499147784838,1
0.25,0.6653858802290988,1
0.3,0.4677284861515742,1
0.35,0.30049015344707036,1
0.4,0.16336575911824028,1
0.45,-0.029573959587355904,1
0.5,-0.11686870717585557,1
0.55,-0.22155692181609332,1
0.6,0.09682436521888164,1
0.65,0.18614839248669401,1
0.7,0.17847266339593532,1
0.75,0.18108904788613459,1
0.8,0.13676193533391443,1
0.85,0.09885843878165003,1
0.9,0.06802579112595139,1
0.95,0.0441635708985295,1
1.0,0.017404136756810726,1
0.0,1.0,0
0.05,0.9987687955851311,0
0.1,0.9932721839938755,1
0.15,0.9830539720300066,1
0.2,0.9679830432920469,1
0.25,0.9474364221923217,1
0.3,0.9200224532785648,1
0.35,0.8844314800815591,1
0.4,0.8387657479174003,1
0.45,0.7810641499220592,1
0.5,0.7097465781494516,1
0.55,0.6257580002264284,1
0.6,0.5334478269355484,1
0.65,0.44097817153680774,1
0.7,0.35454478891040475,1
0.75,0.2769695422831127,1
0.8,0.21076433732773767,1
0.85,0.15519601953203727,1
0.9,0.10868602038684891,1
0.95,0.06798765595776853,1
1.0,0.007835185190865316,1
0.0,1.0,0
0.05,0.9991115250933204,0
0.1,0.9956271790165072,0
0.15,0.9888991489557462,0
0.2,0.9794045717341437,1
0.25,0.9596302861539708,1
0.3,0.9326524272800255,1
0.35,0.8891913060815739,1
0.4,0.8381905027242774,1
0.45,0.7772064475310068,1
0.5,0.7056782372686881,1
0.55,0.6162211106021963,1
0.6,0.507368997818945,1
0.65,0.41325975366006246,1
0.7,0.32841375041290155,1
0.75,0.2551976155217219,1
0.8,0.18984047291511846,1
0.85,0.14263193738129015,1
0.9,0.09946297730541549,1
0.95,0.05974017845481904,1
1.0,0.004623760115175753,1
0.0,1.0,0
0.05,0.9976136195185217,0
0.1,0.9865629374389788,1
0.15,0.9652336691888166,1
0.2,0.9311281412534732,1
0.25,0.8849111511161099,1
0.3,0.8418277240899382,1
0.35,0.7759513114975686,1
0.4,0.747342653097466,1
0.45,0.6897294115538187,1
0.5,0.6115923173646217,1
0.55,0.5241655509797155,1
0.6,0.439136810297585,1
0.65,0.3592065070449434,1
0.7,0.28762895594671656,1
0.75,0.22521945391433054,1
0.8,0.17251335181472563,1
0.85,0.12759394767078,1
0.9,0.09042247367051798,1
0.95,0.05752710397001145,1
1.0,0.007364495167463266,1
0.0,1.0,0
0.05,0.9986430008259445,0
0.1,0.9929178133430197,1
0.15,0.9821885113309929,1
0.2,0.9664157228215741,1
0.25,0.9431042672780916,1
0.3,0.9115140168157335,1
0.35,0.8718687081763826,1
0.4,0.8159122719945838,1
0.45,0.7549454316478572,1
0.5,0.6754267483429856,1
0.55,0.5887564540164104,1
0.6,0.4973956921388147,1
0.65,0.40776087210892525,1
0.7,0.32702718357074984,1
0.75,0.2540077578712863,1
0.8,0.19390387702917358,1
0.85,0.1436058577575538,1
0.9,0.10108673590230595,1
0.95,0.06361676083986582,1
1.0,0.009263250153038484,1
0.0,1.0,0
0.05,0.9954672660604235,0
0.1,0.9828625451346706,1
0.15,0.9583835179986974,1
0.2,0.9122187604019507,1
0.25,0.8429303613480362,1
0.3,0.7420854284751757,1
0.35,0.6258092290519855,1
0.4,0.558067857775132,1
0.45,0.5497993479692425,1
0.5,0.49324093445860356,1
0.55,0.41702143432446287,1
0.6,0.3431537553394981,1
0.65,0.2754749212899112,1
0.7,0.2174517372004807,1
0.75,0.16815038998697987,1
0.8,0.12822384214969684,1
0.85,0.09616949105704349,1
0.9,0.06918499584807393,1
0.95,0.04607244006965839,1
1.0,0.017827777318259522,1
0.0,1.0,0
0.05,0.9932155981609954,0
0.1,0.9704309632433258,0
0.15,0.9339033434957712,1
0.2,0.8876166843724872,1
0.25,0.78871462589078,1
0.3,0.6372950797099096,1
0.35,0.5540638246633871,1
0.4,0.5332003864001401,1
0.45,0.4540539836130586,1
0.5,0.3616667381056854,1
0.55,0.3011009771514357,1
0.6,0.25768052978235256,1
0.65,0.20361929883990115,1
0.7,0.16466881584302526,1
0.75,0.12801622990419223,1
0.8,0.10137482176861684,1
0.85,0.08011342589121592,1
0.9,0.06218262849420652,1
0.95,0.044678929853991516,1
1.0,0.020390194047556067,1
0.0,1.0,0
0.05,0.9961157236575638,0
0.1,0.9895222683922215,0
0.15,0.974125094049728,1
0.2,0.933749887914834,1
0.25,0.8890397838095413,1
0.3,0.8419161010958072,1
0.35,0.7830346449763225,1
0.4,0.7172358049444163,1
0.45,0.6410461793256935,1
0.5,0.5500741467072544,1
0.55,0.4657979488831698,1
0.6,0.3828615364136386,1
0.65,0.30874972199073875,1
0.7,0.2435194914897899,1
0.75,0.1885908116512741,1
0.8,0.1429841731480911,1
0.85,0.10630454165933122,1
0.9,0.07583075354236979,1
0.95,0.049435635353562817,1
1.0,0.013707835072393938,1
0.0,1.0,0
0.05,0.9979852307550684,0
0.1,0.9906727411925997,1
0.15,0.9767737684208494,1
0.2,0.9541231466955192,1
0.25,0.9239424070668953,1
0.3,0.887687618605803,1
0.35,0.840719135667888,1
0.4,0.7818521949949502,1
0.45,0.7119559363375364,1
0.5,0.6323049617380343,1
0.55,0.543435976096062,1
0.6,0.4539203139529735,1
0.65,0.3674066063171111,1
0.7,0.29120248863549014,1
0.75,0.22460391239942137,1
0.8,0.1700901058700094,1
0.85,0.12551898433480235,1
0.9,0.0881372118516206,1
0.95,0.054864536500437586,1
1.0,0.008087616461732646,1
0.0,1.0,0
0.05,0.9975281919968368,0
0.1,0.9839510836723987,1
0.15,0.9605483851196803,1
0.2,0.9360904712540308,1
0.25,0.9005509997143243,1
0.3,0.8507263972474456,1
0.35,0.7814768787414005,1
0.4,0.6999940572820159,1
0.45,0.6015846675487132,1
0.5,0.5050854704413625,1
0.55,0.4145432570619292,1
0.6,0.33529254424692523,1
0.65,0.2715067409427542,1
0.7,0.21170549408621905,1
0.75,0.16238599779274016,1
0.8,0.12649687508835306,1
0.85,0.09717522992553966,1
0.9,0.06988491664499853,1
0.95,0.04661222450943422,1
1.0,0.013793997607931296,1
0.0,0.9999999999999999,0
0.05,0.998295394692712,0
0.1,0.9903832765423443,1
0.15,0.9759274994628344,1
0.2,0.9565604909681003,1
0.25,0.9265938617079758,1
0.3,0.8918079890189005,1
0.35,0.8444431307799175,1
0.4,0.7897179489636614,1
0.45,0.7222392766151982,1
0.5,0.6366452215631798,1
0.55,0.5530841669264408,1
0.6,0.46606275988850776,1
0.65,0.37914325736184235,1
0.7,0.3042564440855228,1
0.75,0.23835079055681238,1
0.8,0.1810907461890714,1
0.85,0.1341624716340529,1
0.9,0.09422352472982368,1
0.95,0.058982346173775936,1
1.0,0.006803599897615342,1
0.0,1.0,0
0.05,0.9858025094998943,1
0.1,0.960905238564275,1
0.15,0.9180217188247362,1
0.2,0.8457769031595923,1
0.25,0.7093531061022644,1
0.3,0.5601201194959247,1
0.35,0.4178161619372172,1
0.4,0.4513903232030636,1
0.45,0.4511589190912601,1
0.5,0.38939247016271805,1
0.55,0.31530440281393235,1
0.6,0.26236995671729474,1
0.65,0.20807101505029876,1
0.7,0.16042122332178327,1
0.75,0.12391255121497466,1
0.8,0.09591073578321857,1
0.85,0.07570885574906926,1
0.9,0.058470712446346045,1
0.95,0.0289893339142795,1
1.0,0.012200593004529489,1
0.0,0.9999999999999998,0
0.05,0.9972415679395412,0
0.1,0.9683362240341795,1
0.15,0.9220939423990351,1
0.2,0.8846703038008915,1
0.25,0.8835819094579128,1
0.3,0.8615342901602887,1
0.35,0.8245757439064714,1
0.4,0.7838203401079843,1
0.45,0.7232399585161285,1
0.5,0.6410696004614004,1
0.55,0.54040028633942,1
0.6,0.4350005387383014,1
0.65,0.3460992154435536,1
0.7,0.27713690949396114,1
0.75,0.21032037791520913,1
0.8,0.16051169198796458,1
0.85,0.11566206056637623,1
0.9,0.08419359626471923,1
0.95,0.055242694783143184,1
1.0,0.0040376238218759845,1
0.0,1.0,0
0.05,0.9915884958134751,1
0.1,0.9665099222438414,1
0.15,0.9326923336618069,1
0.2,0.9007712398902649,1
0.25,0.8454405706825723,1
0.3,0.6443914029844342,1
0.35,0.3566109571886905,1
0.4,0.3861211535787156,1
0.45,0.3941433055211619,1
0.5,0.34066884217864235,1
0.55,0.274359350952941,1
0.6,0.23161523728708774,1
0.65,0.19103588547903316,1
0.7,0.15924359530959067,1
0.75,0.12809826549094833,1
0.8,0.10095147847960916,1
0.85,0.07512377748486677,1
0.9,0.04571165542045245,1
0.95,0.027763212139698127,1
1.0,0.00956773975715807,1
0.0,1.0,0
0.05,0.9989615343781452,0
0.1,0.9941366513672095,0
0.15,0.9852097150689877,1
0.2,0.9725099564469212,1
0.25,0.9557027973200236,1
0.3,0.9334664261549996,1
0.35,0.9033968229029977,1
0.4,0.8609903877253148,1
0.45,0.8040527964631022,1
0.5,0.7330104181512621,1
0.55,0.6477008582282024,1
0.6,0.553301138915869,1
0.65,0.45551538422800475,1
0.7,0.3648491652681736,1
0.75,0.2816238572972778,1
0.8,0.20836818225491505,1
0.85,0.15288103592836677,1
0.9,0.10749072066111127,1
0.95,0.06789099245109119,1
1.0,0.011232707351032968,1
0.0,1.0,0
0.05,0.9983147057805862,0
0.1,0.990846073351445,1
0.15,0.9768847167053184,1
0.2,0.9564637905295964,1
0.25,0.9294862676904647,1
0.3,0.8948859227889274,1
0.35,0.8516995689407805,1
0.4,0.7976141295002178,1
0.45,0.731644598289893,1
0.5,0.6523868023408849,1
0.55,0.5621106243556679,1
0.6,0.4738248967601918,1
0.65,0.3869188843839423,1
0.7,0.30879604514642495,1
0.75,0.2400244525562721,1
0.8,0.18193724614216472,1
0.85,0.13409100734130508,1
0.9,0.09385726380737532,1
0.95,0.058825957735355275,1
1.0,0.007751533331826684,1
0.0,1.0,0
0.05,0.9963410413646775,0
0.1,0.9542434574981796,1
0.15,0.9125793055739873,1
0.2,0.8930427403542988,1
0.25,0.8743737329707795,1
0.3,0.8480805791362889,1
0.35,0.8224996263299326,1
0.4,0.7704046197778545,1
0.45,0.7002313585175216,1
0.5,0.6213086550263315,1
0.55,0.535412156223325,1
0.6,0.4551139162264504,1
0.65,0.3745329642983761,1
0.7,0.30576792250049645,1
0.75,0.2364720943158465,1
0.8,0.17856198455928976,1
0.85,0.13049526357484745,1
0.9,0.09407199957185045,1
0.95,0.05864258888033125,1
1.0,0.01063819059603868,1
0.0,1.0,0
0.05,0.9941355325586723,0
0.1,0.9765254527402952,0
0.15,0.9469494057262371,0
0.2,0.9060410915308811,1
0.25,0.8599974303456356,1
0.3,0.8033129495989588,1
0.35,0.7514811872068896,1
0.4,0.6920026337911849,1
0.45,0.6192732780033741,1
0.5,0.5433306625815236,1
0.55,0.45931358103703945,1
0.6,0.3817703903822585,1
0.65,0.3061223680744412,1
0.7,0.24142294484043483,1
0.75,0.18503400711833695,1
0.8,0.13961772546501963,1
0.85,0.1057711535276787,1
0.9,0.07591688802431765,1
0.95,0.05056753896955006,1
1.0,0.014158679712801067,1
0.0,1.0,0
0.05,0.997064708212203,0
0.1,0.9875645362200511,0
0.15,0.9694603759880849,1
0.2,0.9387544299029117,1
0.25,0.8921203077276568,1
0.3,0.8385678848996622,1
0.35,0.7747921988127083,1
0.4,0.7122686983167835,1
0.45,0.6401761946449223,1
0.5,0.5516281960797575,1
0.55,0.46611818565451996,1
0.6,0.38309296440297846,1
0.65,0.30997325972091166,1
0.7,0.25065910536814434,1
0.75,0.19591889079974323,1
0.8,0.1498245051069661,1
0.85,0.11187824806881962,1
0.9,0.07913015173004158,1
0.95,0.0513675893343707,1
1.0,0.014111998381204348,1
0.0,1.0,0
0.05,0.999092624296375,0
0.1,0.9952047672337799,0
0.15,0.987666450957928,1
0.2,0.9760767296781077,1
0.25,0.958778656085067,1
0.3,0.9362985348991612,1
0.35,0.905172627074485,1
0.4,0.8624768112363289,1
0.45,0.8059193496711948,1
0.5,0.7344552487080579,1
0.55,0.6484833457816607,1
0.6,0.5539855089547282,1
0.65,0.458287667337888,1
0.7,0.3685957923364167,1
0.75,0.2883079957625058,1
0.8,0.21950365463901997,1
0.85,0.16123653971854232,1
0.9,0.11304815354140152,1
0.95,0.07124593049775903,1
1.0,0.009832319436119336,1
0.0,1.0,0
0.05,0.9963416343634521,0
0.1,0.9843495319416343,0
0.15,0.9637626644269938,1
0.2,0.9339391450250929,1
0.25,0.893304512732921,1
0.3,0.8434699079432606,1
0.35,0.7837540346080901,1
0.4,0.7107687600226013,1
0.45,0.629118071039567,1
0.5,0.5229511624757929,1
0.55,0.4410444597623165,1
0.6,0.3624154668740036,1
0.65,0.2910554264848762,1
0.7,0.23014270925579816,1
0.75,0.17861265352465483,1
0.8,0.1352323398564509,1
0.85,0.09977433188628805,1
0.9,0.07075783981346118,1
0.95,0.04674126571258178,1
1.0,0.01091180962409906,1
0.0,0.9999999999999998,0
0.05,0.995817592360141,1
0.1,0.9647495030322342,1
0.15,0.9231935405984881,1
0.2,0.8949565036401558,1
0.25,0.8728846340968107,1
0.3,0.852650740039016,1
0.35,0.8266648296544955,1
0.4,0.7922800153389761,1
0.45,0.7476762119584356,1
0.5,0.6900204640913882,1
0.55,0.6189791739144769,1
0.6,0.5384416229365898,1
0.65,0.4529320365351312,1
0.7,0.37045400741563805,1
0.75,0.29327436926896255,1
0.8,0.22495220345804015,1
0.85,0.164769640006595,1
0.9,0.11436065071770768,1
0.95,0.06893898695112137,1
1.0,-0.00035071987789537785,1
0.0,1.0,0
0.05,0.9969773743434031,0
0.1,0.9823503557232252,0
0.15,0.9525372571845782,1
0.2,0.9130911988052269,1
0.25,0.8860384574994185,1
0.3,0.8638988788193098,1
0.35,0.8333001686385949,1
0.4,0.783845135347919,1
0.45,0.728762433128394,1
0.5,0.6619085628308607,1
0.55,0.5788768752942186,1
0.6,0.4946449580094941,1
0.65,0.4109076812652231,1
0.7,0.33501397245960646,1
0.75,0.26450202316859706,1
0.8,0.20260266988795544,1
0.85,0.14847120438740094,1
0.9,0.10106833939788011,1
0.95,0.05942281988420823,1
1.0,-0.0015756610832535361,1
0.0,1.0,0
0.05,0.9956380684398762,1
0.1,0.9519579701591018,1
0.15,0.8849924164643443,1
0.2,0.8604006642462386,1
0.25,0.8756676678173434,1
0.3,0.8557109134847423,1
0.35,0.7844691385354206,1
0.4,0.6989754531244452,1
0.45,0.6177697970207698,1
0.5,0.5339934636782451,1
0.55,0.4498263030733947,1
0.6,0.3643527140746972,1
0.65,0.28947802466087513,1
0.7,0.22975992417235777,1
0.75,0.17792085365214233,1
0.8,0.13500132976241927,1
0.85,0.100106866253193,1
0.9,0.07192377410206434,1
0.95,0.04799311646675411,1
1.0,0.01585377787363517,1
0.0,1.0,0
0.05,0.9958767733714726,0
0.1,0.9883996292824104,0
0.15,0.9718804228252312,1
0.2,0.9323558355691745,1
0.25,0.8707915634162375,1
0.3,0.8105012880717025,1
0.35,0.7316008228247849,1
0.4,0.619793846277483,1
0.45,0.5272710496642126,1
0.5,0.4529041609267702,1
0.55,0.37495469509032975,1
0.6,0.3020474377291474,1
0.65,0.24285368343288086,1
0.7,0.19144812729362445,1
0.75,0.1492007213848932,1
0.8,0.11544001439287808,1
0.85,0.08796485475581982,1
0.9,0.06569740357466225,1
0.95,0.04704645039811956,1
1.0,0.02459330852714177,1
0.0,1.0,0
0.05,0.9986307030944163,0
0.1,0.993624888700183,0
0.15,0.9840512936318894,1
0.2,0.9683969059116546,1
0.25,0.9481902688361478,1
0.3,0.924531183591579,1
0.35,0.8940639909591619,1
0.4,0.8549498219822118,1
0.45,0.803602688060141,1
0.5,0.7378266423390525,1
0.55,0.6575457307111718,1
0.6,0.566605463823523,1
0.65,0.47140192804436926,1
0.7,0.3806562196211398,1
0.75,0.29759879266760025,1
0.8,0.22666222056753418,1
0.85,0.1671925285190487,1
0.9,0.11702149986012944,1
0.95,0.07295705170091743,1
1.0,0.009298196098671873,1
0.0,0.9999999999999998,0
0.05,0.9992170620878753,0
0.1,0.9962838257946224,0
0.15,0.9903896121934127,0
0.2,0.9796447065332059,1
0.25,0.9630395483946973,1
0.3,0.9393730971550708,1
0.35,0.9047159604562515,1
0.4,0.8613141693164124,1
0.45,0.8085078532768959,1
0.5,0.7364689000643533,1
0.55,0.64979784174156,1
0.6,0.5610000276789273,1
0.65,0.4694452038536552,1
0.7,0.38053246043921807,1
0.75,0.30093702104189096,1
0.8,0.2306328985119847,1
0.85,0.17306717871623312,1
0.9,0.12250507237955495,1
0.95,0.07757696285456483,1
1.0,0.01848765174849258,1
0.0,1.0,0
0.05,0.9969366670913089,0
0.1,0.9835815330873134,1
0.15,0.957699769163552,1
0.2,0.9170244966444764,1
0.25,0.8749843641022582,1
0.3,0.8197312728105947,1
0.35,0.7359853645044008,1
0.4,0.6612231789086513,1
0.45,0.5719078035157333,1
0.5,0.493017272429548,1
0.55,0.4151015929207967,1
0.6,0.3314468602132566,1
0.65,0.26441171121320545,1
0.7,0.21061544783531097,1
0.75,0.1647836934782417,1
0.8,0.12239981972312312,1
0.85,0.08968262646985567,1
0.9,0.06320263297745377,1
0.95,0.03880711385801837,1
1.0,0.002216319595116113,1
0.0,0.9999999999999998,1
0.05,0.9965889904740178,1
0.1,0.9837097696668523,1
0.15,0.9607285375047351,1
0.2,0.9269453492520612,1
0.25,0.8767796162395227,1
0.3,0.8223693158882543,1
0.35,0.7672889140384439,1
0.4,0.6993324557085855,1
0.45,0.6217836103234307,1
0.5,0.535679835596413,1
0.55,0.4522690098857715,1
0.6,0.3724756272195529,1
0.65,0.3007228516660209,1
0.7,0.23706628499734908,1
0.75,0.17895451223440126,1
0.8,0.1356740713272787,1
0.85,0.10102157000152556,1
0.9,0.0725812892379108,1
0.95,0.04626958147475994,1
1.0,0.0070510307299913675,1
0.0,1.0,0
0.05,0.998933758963076,0
0.1,0.9940047228428228,0
0.15,0.9847790260128897,1
0.2,0.9721122930016762,1
0.25,0.9542022459104057,1
0.3,0.9316249244562458,1
0.35,0.900535058556574,1
0.4,0.8635170677759317,1
0.45,0.8163994941230934,1
0.5,0.7547386844710187,1
0.55,0.6808460302011027,1
0.6,0.5951900749172077,1
0.65,0.5038556041988217,1
0.7,0.4153667740596771,1
0.75,0.3281461298059794,1
0.8,0.24987529363973232,1
0.85,0.18370670692062874,1
0.9,0.1294240235660164,1
0.95,0.08023585349173677,1
1.0,0.005258907247111633,1
0.0,1.0,0
0.05,0.9994278166576589,0
0.1,0.9971038235722263,0
0.15,0.992435982140584,0
0.2,0.9839747927326845,1
0.25,0.971688660286434,1
0.3,0.9570626848273981,1
0.35,0.9369511095317342,1
0.4,0.9078821517582928,1
0.45,0.87121963295337,1
0.5,0.8206371993083649,1
0.55,0.7556646425216414,1
0.6,0.6755821151646296,1
0.65,0.5827591942709789,1
0.7,0.4851313940310573,1
0.75,0.3902022214934246,1
0.8,0.303109206192396,1
0.85,0.22659283805467956,1
0.9,0.15955207457214296,1
0.95,0.0982657144683086,1
1.0,0.0073966784653787645,1
0.0,0.9999999999999998,1
0.05,0.9959602546129054,0
0.1,0.9893142308819014,0
0.15,0.9735621436384174,0
0.2,0.9479641330060488,1
0.25,0.850935738856079,1
0.3,0.7463496021888736,1
0.35,0.6527472241506442,1
0.4,0.5511512624107123,1
0.45,0.4403334963038677,1
0.5,0.35901623831041235,1
0.55,0.2724670088312421,1
0.6,0.23453795962998017,1
0.65,0.1966927975288652,1
0.7,0.1491381643707215,1
0.75,0.11429041051242023,1
0.8,0.06756175790670714,1
0.85,0.03822879209293154,1
0.9,0.018705542348440643,1
0.95,0.015570069753701619,1
1.0,-0.023300537310340184,1
0.0,1.0,0
0.05,0.99890179515449,0
0.1,0.9942794858778043,0
0.15,0.9856034452366723,1
0.2,0.9725980147300948,1
0.25,0.9539077000648811,1
0.3,0.9274336144105442,1
0.35,0.8927099661008266,1
0.4,0.8465692372553575,1
0.45,0.7857124918168242,1
0.5,0.7068686785439384,1
0.55,0.6180108941787372,1
0.6,0.5251022308930453,1
0.65,0.43230843561173843,1
0.7,0.34543562770396397,1
0.75,0.2711359987414601,1
0.8,0.2058512591280243,1
0.85,0.1516464401747016,1
0.9,0.10630644229630004,1
0.95,0.06763577747966198,1
1.0,0.009800540524198613,1
0.0,1.0,0
0.05,0.9988525337783543,0
0.1,0.995422651955403,0
0.15,0.9884500412611645,1
0.2,0.974132263873552,1
0.25,0.9566291530327417,1
0.3,0.9337130144940935,1
0.35,0.9047963598406611,1
0.4,0.8727921735377341,1
0.45,0.8303876734666269,1
0.5,0.7738476233016557,1
0.55,0.7028818598826306,1
0.6,0.6178822966637728,1
0.65,0.525192504278833,1
0.7,0.43121612953314054,1
0.75,0.3420852727311807,1
0.8,0.26240832274655373,1
0.85,0.19455703726897475,1
0.9,0.13646752126106743,1
0.95,0.0849165625284297,1
1.0,0.00885595051235921,1
0.0,1.0,0
0.05,0.9981396847695,0
0.1,0.9916574699615457,0
0.15,0.978603669660902,0
0.2,0.9567489559086961,1
0.25,0.9247276318091215,1
0.3,0.8948708086538294,1
0.35,0.8615208367009268,1
0.4,0.8238380352747053,1
0.45,0.7673331538450586,1
0.5,0.6921272422361046,1
0.55,0.6063913291246347,1
0.6,0.5141305207880078,1
0.65,0.42289967342559726,1
0.7,0.34153759449349624,1
0.75,0.26638471674531566,1
0.8,0.20342677641785745,1
0.85,0.15029737972411022,1
0.9,0.10637710894006008,1
0.95,0.06623629795219099,1
1.0,0.0064067538835259185,1
0.0,0.9999999999999999,0
0.05,0.9976104846547789,0
0.1,0.9901675148623841,0
0.15,0.9759266954786608,1
0.2,0.9528380828305252,1
0.25,0.9197497376008115,1
0.3,0.8759472539293399,1
0.35,0.8227571370608634,1
0.4,0.7555479238592935,1
0.45,0.6788997699322159,1
0.5,0.5928644614664792,1
0.55,0.5098204435401065,1
0.6,0.4265716897262881,1
0.65,0.3488991127548628,1
0.7,0.2788174805961512,1
0.75,0.21584557380917316,1
0.8,0.1631820998827378,1
0.85,0.12097955697499663,1
0.9,0.0856571797312055,1
0.95,0.056206120499584185,1
1.0,0.0137731952370837,1
0.0,1.0,0
0.05,0.9974699660787435,0
0.1,0.9899360695401792,0
0.15,0.9755290785839371,1
0.2,0.9514626311225649,1
0.25,0.9150825099810674,1
0.3,0.8703680599536089,1
0.35,0.8098546990880284,1
0.4,0.7488402106379084,1
0.45,0.6837012279215264,1
0.5,0.6007670038558381,1
0.55,0.5173052603821497,1
0.6,0.4297508792091456,1
0.65,0.3460702747277493,1
0.7,0.2756241012919096,1
0.75,0.2117807029229886,1
0.8,0.15779374398681215,1
0.85,0.11826449048899569,1
0.9,0.08382010280213273,1
0.95,0.05539253315320084,1
1.0,0.014823463621555852,1
0.0,0.9999999999999998,0
0.05,0.998978689431695,0
0.1,0.9954657260828982,0
0.15,0.9878014992895786,1
0.2,0.9752710271848506,1
0.25,0.9591174483366696,1
0.3,0.937547783229822,1
0.35,0.9127855612831879,1
0.4,0.8806109840031691,1
0.45,0.8373180687902557,1
0.5,0.780243631610522,1
0.55,0.7078208312011192,1
0.6,0.6216645031101736,1
0.65,0.5267505429810203,1
0.7,0.43168355742045467,1
0.75,0.3418912795391772,1
0.8,0.2619387974560585,1
0.85,0.19362208787915408,1
0.9,0.13535704710892033,1
0.95,0.08377747380382866,1
1.0,0.007584724562945851,1
0.0,1.0,0
0.05,0.9976338087121763,0
0.1,0.9649151319681264,1
0.15,0.9120764244769332,1
0.2,0.9207280752522325,1
0.25,0.9095659580490272,1
0.3,0.8053763076502901,1
0.35,0.7245798933188693,1
0.4,0.640198651070545,1
0.45,0.5593623052672698,1
0.5,0.4768031285829308,1
0.55,0.3947900713864204,1
0.6,0.3184728334304468,1
0.65,0.24803946499856877,1
0.7,0.17842956604872393,1
0.75,0.13878000305547789,1
0.8,0.11313757270326574,1
0.85,0.0831475993805641,1
0.9,0.060361430226601204,1
0.95,0.04353291287683519,1
1.0,0.020025890313333124,1
0.0,1.0,1
0.05,0.9968946935876627,1
0.1,0.9859500974723175,1
0.15,0.965346117111777,1
0.2,0.9351255199303555,1
0.25,0.8945601928403989,1
0.3,0.8431828646268476,1
0.35,0.7785931508745205,1
0.4,0.7046723629886857,1
0.45,0.6149700527512107,1
0.5,0.5244808099605901,1
0.55,0.4372121754012768,1
0.6,0.35703805941902406,1
0.65,0.28783121054517374,1
0.7,0.22719875893956504,1
0.75,0.17413381849895818,1
0.8,0.1314738862107556,1
0.85,0.09731819305406593,1
0.9,0.06919922923924074,1
0.95,0.04397695550107139,1
1.0,0.009593810360969662,1
0.0,1.0,0
0.05,0.9981014657066144,0
0.1,0.9892332752552351,0
0.15,0.9751794662605818,1
0.2,0.9580057297773271,1
0.25,0.9249823679368745,1
0.3,0.8814203312795647,1
0.35,0.830282866290795,1
0.4,0.7763938152149037,1
0.45,0.7122042177624002,1
0.5,0.6357024699740166,1
0.55,0.5538755522486561,1
0.6,0.4672137292988557,1
0.65,0.38049991886170514,1
0.7,0.3024723712378458,1
0.75,0.2342924476155024,1
0.8,0.178598280297218,1
0.85,0.13208943332744738,1
0.9,0.0935116801950554,1
0.95,0.0595219849892873,1
1.0,0.014636790714559983,1
0.0,1.0,0
0.05,0.9930461711436039,0
0.1,0.9496228676556728,1
0.15,0.8802219160509372,1
0.2,0.7661299669354664,1
0.25,0.6859908632485224,1
0.3,0.49645883866592805,1
0.35,0.5319306087411941,1
0.4,0.552107894225026,1
0.45,0.5663114382281338,1
0.5,0.5078181414549515,1
0.55,0.44580139502508215,1
0.6,0.38305555974214334,1
0.65,0.329934598801575,1
0.7,0.26218621773370165,1
0.75,0.19612709584235097,1
0.8,0.150070745792935,1
0.85,0.10696625349046476,1
0.9,0.07673519715822197,1
0.95,0.04473976523636504,1
1.0,-0.007245058151917551,1
0.0,1.0,0
0.05,0.9973693288833779,0
0.1,0.9901197062604563,0
0.15,0.9776061780274948,1
0.2,0.95938419968428,1
0.25,0.9317999612033557,1
0.3,0.8514432397385996,1
0.35,0.7591310749836295,1
0.4,0.6677506332202129,1
0.45,0.5808864540402718,1
0.5,0.49231277988161015,1
0.55,0.4169990919256548,1
0.6,0.35068025165220795,1
0.65,0.29724080843535566,1
0.7,0.24820663812014357,1
0.75,0.20108612678188512,1
0.8,0.15656983625030657,1
0.85,0.1198856230408767,1
0.9,0.08989567700830424,1
0.95,0.06477003943688692,1
1.0,0.04022245355565699,1
0.0,1.0,0
0.05,0.9975298816257546,1
0.1,0.9862252608284964,1
0.15,0.9672456108205753,1
0.2,0.9426648651261007,1
0.25,0.9121950148835295,1
0.3,0.8746438765160652,1
0.35,0.8313030159081197,1
0.4,0.78069886983629,1
0.45,0.7160020360303027,1
0.5,0.6411079019189979,1
0.55,0.5571157932903961,1
0.6,0.4688674653197679,1
0.65,0.38291314129015075,1
0.7,0.30505187306548603,1
0.75,0.23650494898591143,1
0.8,0.17852946311469914,1
0.85,0.13151609625669056,1
0.9,0.09222337057783217,1
0.95,0.05781808353650534,1
1.0,0.008441937054790632,1
0.0,0.9999999999999999,1
0.05,0.9881691813490896,1
0.1,0.9335292886413445,1
0.15,0.8341196053648197,1
0.2,0.7125476429550172,1
0.25,0.5956239593391314,1
0.3,0.497899859802336,1
0.35,0.4229353046032937,1
0.4,0.3669034460141362,1
0.45,0.3252834716042203,1
0.5,0.2945108672632493,1
0.55,0.2713887456057473,1
0.6,0.25352756084195094,1
0.65,0.23933338886711034,1
0.7,0.22775781648905555,1
0.75,0.21800471780147923,1
0.8,0.20957272289691517,1
0.85,0.20212342768525873,1
0.9,0.19531737613026423,1
0.95,0.18891810862587222,1
1.0,0.18176315076700347,1
0.0,1.0,0
0.05,0.9968584570304726,0
0.1,0.9858040723005778,1
0.15,0.9663459583174059,1
0.2,0.9374796765942797,1
0.25,0.8938996675831087,1
0.3,0.8342287449065608,1
0.35,0.7680868926954721,1
0.4,0.6809128657264835,1
0.45,0.6054846756289444,1
0.5,0.5225494491071538,1
0.55,0.4467264567545983,1
0.6,0.3750254650259421,1
0.65,0.3137263947549829,1
0.7,0.2518889826809925,1
0.75,0.1953986592009269,1
0.8,0.14772053723864503,1
0.85,0.1095497427408423,1
0.9,0.07648544003452964,1
0.95,0.04869285054441527,1
1.0,0.009404122011510732,1
0.0,1.0,0
0.05,0.9960123987500675,0
0.1,0.9850626959828869,1
0.15,0.9631417862612122,1
0.2,0.9269164833290507,1
0.25,0.8771726153030829,1
0.3,0.8130197287616964,1
0.35,0.7620492000384544,1
0.4,0.7179932344334714,1
0.45,0.6459062040367549,1
0.5,0.5700674719570961,1
0.55,0.4877320169058577,1
0.6,0.39203872860150624,1
0.65,0.3208080583714714,1
0.7,0.2544800256926682,1
0.75,0.1953657587197188,1
0.8,0.14840837221701747,1
0.85,0.11574053867148418,1
0.9,0.08240652715825969,1
0.95,0.05272988160154048,1
1.0,0.01037731550280647,1
0.0,1.0,0
0.05,0.9957228603474385,0
0.1,0.9824952550174448,1
0.15,0.9598098505955623,1
0.2,0.9275430480217938,1
0.25,0.8819052578471313,1
0.3,0.8251779273394023,1
0.35,0.7606946334131323,1
0.4,0.6897898273895888,1
0.45,0.6092224476297179,1
0.5,0.5213313574743627,1
0.55,0.43553844840437217,1
0.6,0.35634690374761335,1
0.65,0.286070034466102,1
0.7,0.22627680379304818,1
0.75,0.17520538880456404,1
0.8,0.13326407863769435,1
0.85,0.09921156912835849,1
0.9,0.0704289372822303,1
0.95,0.04680590684021978,1
1.0,0.015204454566600807,1
0.0,0.9999999999999999,0
0.05,0.9986104897484137,1
0.1,0.9900936270220217,1
0.15,0.9758066929560875,1
0.2,0.9597070942681958,1
0.25,0.944679189130333,1
0.3,0.925324856983977,1
0.35,0.8975266916031535,1
0.4,0.8635825939186188,1
0.45,0.8212047721713138,1
0.5,0.767785528332856,1
0.55,0.7011206456131329,1
0.6,0.621960309808961,1
0.65,0.5340303098099707,1
0.7,0.44291327305656447,1
0.75,0.3545105942953842,1
0.8,0.2732754299765383,1
0.85,0.20213290845696152,1
0.9,0.1404345883039781,1
0.95,0.08465412688434529,1
1.0,-0.0018000050154199983,1
0.0,1.0,0
0.05,0.9989959625133141,0
0.1,0.994736672121173,0
0.15,0.9865589129395655,0
0.2,0.9743474136117479,1
0.25,0.9569907734576857,1
0.3,0.9335927160038304,1
0.35,0.9031285325899279,1
0.4,0.8617429983939993,1
0.45,0.8058299473843327,1
0.5,0.7341085282119361,1
0.55,0.6476390325580258,1
0.6,0.5536066238960563,1
0.65,0.45794491299114154,1
0.7,0.36895431788628347,1
0.75,0.2882615012840375,1
0.8,0.2198438897403166,1
0.85,0.16224211041423914,1
0.9,0.11402358168970117,1
0.95,0.07268146923790707,1
1.0,0.012891310258711186,1
0.0,1.0,0
0.05,0.9953044609087826,0
0.1,0.9839034444736342,0
0.15,0.9747335200214718,0
0.2,0.9461080691852377,1
0.25,0.8883637637128009,1
0.3,0.5477383077944379,1
0.35,0.5543344634002002,1
0.4,0.49020806078740153,1
0.45,0.45873182180932237,1
0.5,0.41204576408181276,1
0.55,0.3212276540372924,1
0.6,0.2771177972544507,1
0.65,0.2050070074557012,1
0.7,0.18513765145098746,1
0.75,0.15591173886055437,1
0.8,0.12337015447614111,1
0.85,0.09012933393912675,1
0.9,0.062265388260824124,1
0.95,0.03608378992760844,1
1.0,-0.01163706402737512,1
0.0,1.0,0
0.05,0.994004978766999,0
0.1,0.989470919433646,0
0.15,0.9726761873007388,1
0.2,0.9435251055065903,1
0.25,0.775677633588829,1
0.3,0.6728962492324263,1
0.35,0.6478187500116449,1
0.4,0.5251846236694471,1
0.45,0.38272985732160203,1
0.5,0.20201499980003007,1
0.55,-0.014647633032849527,1
0.6,0.09682068603043767,1
0.65,0.19961325364886742,1
0.7,0.19947560168806538,1
0.75,0.1626344037676043,1
0.8,0.12445879836268832,1
0.85,0.08225990781782118,1
0.9,0.05698492862437441,1
0.95,0.039221542012052774,1
1.0,0.006947126696006955,1
0.0,1.0,0
0.05,0.9978815576546225,0
0.1,0.9886500116342208,0
0.15,0.9722926226913091,1
0.2,0.9514127961644345,1
0.25,0.9197957668721107,1
0.3,0.8678531220859733,1
0.35,0.8037342481712548,1
0.4,0.7270181038967503,1
0.45,0.6330787404481591,1
0.5,0.5228788775356293,1
0.55,0.42612958890048735,1
0.6,0.35838911117983163,1
0.65,0.28293645489692304,1
0.7,0.21889476160441929,1
0.75,0.17429976954899318,1
0.8,0.1331161538536468,1
0.85,0.09894173503880314,1
0.9,0.07024786288074836,1
0.95,0.04860947904510172,1
1.0,0.016438788252397266,1
0.0,1.0,0
0.05,0.9978397499623746,0
0.1,0.9881947593214483,0
0.15,0.9720315970702831,1
0.2,0.9514184110195132,1
0.25,0.926071938110292,1
0.3,0.8948378788943123,1
0.35,0.8558459569905366,1
0.4,0.8078102466216196,1
0.45,0.7453944393907029,1
0.5,0.671613955366546,1
0.55,0.5870213839065341,1
0.6,0.49653197766401125,1
0.65,0.4034146499177188,1
0.7,0.320309400309102,1
0.75,0.2497278260918489,1
0.8,0.18900497245523648,1
0.85,0.1393083710895699,1
0.9,0.09740686740371197,1
0.95,0.060879186701920926,1
1.0,0.007962248275468063,1
0.0,1.0,1
0.05,0.9904206131087777,1
0.1,0.9848939345353136,1
0.15,0.96268224770253,1
0.2,0.9029611643537256,1
0.25,0.7931744569324763,1
0.3,0.6556043382089356,1
0.35,0.46345550333762153,1
0.4,0.3761724851639762,1
0.45,0.35358768302630544,1
0.5,0.3227694321461975,1
0.55,0.22574206335205285,1
0.6,0.20663919028918382,1
0.65,0.18468745712311274,1
0.7,0.13719902095297365,1
0.75,0.12335384604766607,1
0.8,0.08641916567271739,1
0.85,0.0629072080476606,1
0.9,0.04891536830054717,1
0.95,0.03574624624923538,1
1.0,-0.011833826354496797,1
0.0,1.0,0
0.05,0.9950452488178237,0
0.1,0.9805846937681709,1
0.15,0.954637195384803,1
0.2,0.9181620798302149,1
0.25,0.8651814273631996,1
0.3,0.7980985053518868,1
0.35,0.7207867293355447,1
0.4,0.6343676673403809,1
0.45,0.5423562196190623,1
0.5,0.45747253027957047,1
0.55,0.3794415809176937,1
0.6,0.30634595079419485,1
0.65,0.24482104031019813,1
0.7,0.19167023283880263,1
0.75,0.14841048424655762,1
0.8,0.11383421027369126,1
0.85,0.08757479233521058,1
0.9,0.06576846806590299,1
0.95,0.04675545474801547,1
1.0,0.023543001624842592,1
0.0,1.0,0
0.05,0.9977527682236119,0
0.1,0.9880941584481897,0
0.15,0.9698677715291182,1
0.2,0.9419656279744677,1
0.25,0.9110743688548714,1
0.3,0.8798974167038165,1
0.35,0.8456750685884137,1
0.4,0.8001551882541561,1
0.45,0.7373308182850468,1
0.5,0.6588383215171448,1
0.55,0.574850449168315,1
0.6,0.4847836535866038,1
0.65,0.3966020844923844,1
0.7,0.3160312060326176,1
0.75,0.24397257664215377,1
0.8,0.1838013138424111,1
0.85,0.1357187231859214,1
0.9,0.09390862542115146,1
0.95,0.059474186820718346,1
1.0,0.0045757095323461375,1
0.0,1.0,0
0.05,0.9984422434108692,0
0.1,0.9920120218311129,0
0.15,0.9792437293621247,1
0.2,0.9590738000685712,1
0.25,0.9292287366619434,1
0.3,0.8870496470005147,1
0.35,0.8349067264014883,1
0.4,0.7681676512742702,1
0.45,0.6953630055357876,1
0.5,0.6176454453283962,1
0.55,0.5337622529257597,1
0.6,0.4489169959984934,1
0.65,0.3664118384703191,1
0.7,0.29376790247924484,1
0.75,0.2297013516558869,1
0.8,0.17494552232016064,1
0.85,0.129440808934324,1
0.9,0.09040639043973231,1
0.95,0.05711553058090375,1
1.0,0.009846955646407108,1
0.0,0.9999999999999998,0
0.05,0.9992054254500681,0
0.1,0.995905260370462,1
0.15,0.9889906288961073,1
0.2,0.978862892554387,1
0.25,0.9659124063015263,1
0.3,0.949123895901516,1
0.35,0.9278582180853833,1
0.4,0.899501589986219,1
0.45,0.8625463905519355,1
0.5,0.8130379276896056,1
0.55,0.7481565029751223,1
0.6,0.6680132807780882,1
0.65,0.5763844069105225,1
0.7,0.47999664066125436,1
0.75,0.3849207819696412,1
0.8,0.2975796190821144,1
0.85,0.22066990626714691,1
0.9,0.1538623813586542,1
0.95,0.09478220553459714,1
1.0,0.004732044602639828,1
0.0,1.0,0
0.05,0.9638141106158198,1
0.1,0.9690812336526745,1
0.15,0.927149468447595,1
0.2,0.7391442454506713,1
0.25,0.575908048685089,1
0.3,0.4160020993832752,1
0.35,0.3815041535846479,1
0.4,0.34646318186869624,1
0.45,0.4212384875187617,1
0.5,0.3911821099010306,1
0.55,0.2954650375007646,1
0.6,0.26462009159258587,1
0.65,0.22362918852931163,1
0.7,0.17787018709213134,1
0.75,0.1353875797563295,1
0.8,0.10351972155946394,1
0.85,0.07566791600185897,1
0.9,0.05453407771410782,1
0.95,0.03204415458059125,1
1.0,-0.009059060712269184,1
0.0,0.9999999999999998,0
0.05,0.9991498933167604,0
0.1,0.9957453515837876,0
0.15,0.9893645539788076,0
0.2,0.9794362373119593,1
0.25,0.9625586319095113,1
0.3,0.9422915631365162,1
0.35,0.9157281984702348,1
0.4,0.8866411801665411,1
0.45,0.8484884369688829,1
0.5,0.7993612757033584,1
0.55,0.733208231005674,1
0.6,0.6522112232062348,1
0.65,0.5598109774171931,1
0.7,0.46596539279175875,1
0.75,0.37293995831497273,1
0.8,0.28704014435901454,1
0.85,0.21261580186509843,1
0.9,0.14951232911977017,1
0.95,0.09237470659975242,1
1.0,0.006972504549363869,1
0.0,1.0,0
0.05,0.9907225304000252,0
0.1,0.9487522136770867,0
0.15,0.9037834659466869,1
0.2,0.8312472039203841,1
0.25,0.7422875534686231,1
0.3,0.7610036628307311,1
0.35,0.6516767600227784,1
0.4,0.5680767207593198,1
0.45,0.4483608721986041,1
0.5,0.3682085684843146,1
0.55,0.318794377717765,1
0.6,0.26072816329232723,1
0.65,0.19912001110627833,1
0.7,0.1512944902470168,1
0.75,0.12181886145623268,1
0.8,0.1002004247179229,1
0.85,0.08131366530595002,1
0.9,0.06163554969086883,1
0.95,0.039031034505022454,1
1.0,0.0021521996372356987,1
0.0,1.0,0
0.05,0.9982980057580267,0
0.1,0.9887473906362618,0
0.15,0.9713433320617628,1
0.2,0.9458406840949272,1
0.25,0.9203027896191208,1
0.3,0.8886459019254455,1
0.35,0.8529140135921842,1
0.4,0.8013020170390732,1
0.45,0.7329991053272567,1
0.5,0.6559882460857444,1
0.55,0.5673772937654803,1
0.6,0.4738475178680504,1
0.65,0.38905758060203927,1
0.7,0.31187659040180216,1
0.75,0.24224118767889663,1
0.8,0.18468611476957794,1
0.85,0.13641859502554504,1
0.9,0.0960093194088289,1
0.95,0.06051605638441852,1
1.0,0.00757324448031012,1
0.0,1.0,0
0.05,0.9974640000130092,0
0.1,0.9736985799348925,1
0.15,0.9429669805023944,1
0.2,0.9313913529162591,1
0.25,0.9181965237142717,1
0.3,0.8975565084633716,1
0.35,0.8696948144182493,1
0.4,0.8349287710548904,1
0.45,0.7869333062624883,1
0.5,0.7232482355295041,1
0.55,0.6443714043444537,1
0.6,0.5547376951102775,1
0.65,0.4606709624758353,1
0.7,0.369977728440135,1
0.75,0.28829811252931165,1
0.8,0.21936825594047246,1
0.85,0.1619359182347417,1
0.9,0.11394271821848433,1
0.95,0.07184836582518749,1
1.0,0.010421137508501528,1
0.0,1.0,0
0.05,0.9953739312132409,1
0.1,0.9269560462284495,1
0.15,0.8354580002566946,1
0.2,0.8329543676739527,1
0.25,0.8350487522913778,1
0.3,0.7756508674690432,1
0.35,0.7150797810773346,1
0.4,0.6324476014808059,1
0.45,0.5473187331094629,1
0.5,0.46338154907327395,1
0.55,0.3843722611434679,1
0.6,0.3121228122159858,1
0.65,0.24886142374917902,1
0.7,0.19509120156523127,1
0.75,0.15124945395425649,1
0.8,0.1162468392246058,1
0.85,0.08857031587147625,1
0.9,0.06660638251375463,1
0.95,0.048451566776082325,1
1.0,0.027627296035214768,1
0.0,0.9999999999999998,0
0.05,0.9985343955134225,0
0.1,0.9907713028757514,1
0.15,0.9776311076260136,1
0.2,0.9620287239707366,1
0.25,0.9404436706084927,1
0.3,0.9190344976638076,1
0.35,0.8937606743770535,1
0.4,0.8511120438680051,1
0.45,0.7997742877924884,1
0.5,0.7377087586211493,1
0.55,0.662830761203007,1
0.6,0.5769135008283035,1
0.65,0.4852101462269687,1
0.7,0.3957857066409769,1
0.75,0.31358014358430764,1
0.8,0.24008235107848366,1
0.85,0.17747310492405277,1
0.9,0.12401523211288892,1
0.95,0.07766609523887485,1
1.0,0.00891843311038689,1
0.0,1.0,0
0.05,0.9977585785711995,0
0.1,0.9866296871616604,1
0.15,0.9671130196223849,1
0.2,0.9408462703417432,1
0.25,0.9099940249743708,1
0.3,0.8668389256663728,1
0.35,0.8078463899510746,1
0.4,0.7339481503560696,1
0.45,0.6535006466539415,1
0.5,0.5672672451136165,1
0.55,0.4791659499937701,1
0.6,0.39392614328395836,1
0.65,0.31021952108753387,1
0.7,0.2238815908433527,1
0.75,0.18439272432871587,1
0.8,0.1469572708646743,1
0.85,0.11027930543926859,1
0.9,0.07951059011000909,1
0.95,0.05235628746039707,1
1.0,0.015126732405512471,1
0.0,0.9999999999999998,0
0.05,0.992923791988158,0
0.1,0.9875351979120893,1
0.15,0.9713248873557818,1
0.2,0.9383271392893235,1
0.25,0.763384914119053,1
0.3,0.5263603651539579,1
0.35,0.5321441781825186,1
0.4,0.4094501542758654,1
0.45,0.391153611418056,1
0.5,0.3428475967272724,1
0.55,0.3355803271562044,1
0.6,0.2871549222436184,1
0.65,0.20022647026779455,1
0.7,0.17447237160934037,1
0.75,0.13278365622286134,1
0.8,0.10523710580382803,1
0.85,0.0790227231112332,1
0.9,0.0593708700386408,1
0.95,0.03792611667869987,1
1.0,0.019930511435301727,1
0.0,0.9999999999999999,0
0.05,0.9970440148439416,0
0.1,0.9870306087614341,1
0.15,0.9658110359441548,1
0.2,0.9336632983004785,1
0.25,0.8766958733040416,1
0.3,0.8173677777052836,1
0.35,0.7618060922620639,1
0.4,0.6915974208186075,1
0.45,0.588134225571848,1
0.5,0.50261752216639,1
0.55,0.42953058466921407,1
0.6,0.34511047355720653,1
0.65,0.27131273629775393,1
0.7,0.21554734610195675,1
0.75,0.1676963690250835,1
0.8,0.13330492908579136,1
0.85,0.09988277421971435,1
0.9,0.07203458301896074,1
0.95,0.048514316345562074,1
1.0,0.017020110177206362,1
0.0,1.0,0
0.05,0.9994497855919738,0
0.1,0.9967844467740948,0
0.15,0.9915881885880314,0
0.2,0.9841303039511631,1
0.25,0.9743186163999815,1
0.3,0.9604638125427059,1
0.35,0.937187061234378,1
0.4,0.9066385542709777,1
0.45,0.8586253496163373,1
0.5,0.8098303903086851,1
0.55,0.7454887993132792,1
0.6,0.6659727809935814,1
0.65,0.573847965821081,1
0.7,0.47926915951585397,1
0.75,0.38581605692872895,1
0.8,0.29951599689542713,1
0.85,0.22342378272190216,1
0.9,0.1575106441548048,1
0.95,0.09766712357051274,1
1.0,0.009900574276846624,1
0.0,1.0,0
0.05,0.9989676526717125,0
0.1,0.9940391151358591,0
0.15,0.9844158293268372,1
0.2,0.9700748160956395,1
0.25,0.9502315023712121,1
0.3,0.9202975626329104,1
0.35,0.8828821282720941,1
0.4,0.8352903153550708,1
0.45,0.7791887304052559,1
0.5,0.709449927460881,1
0.55,0.6249041374017139,1
0.6,0.5366086197282264,1
0.65,0.44300143907229045,1
0.7,0.3578616203733602,1
0.75,0.27960737158414994,1
0.8,0.21358495052265322,1
0.85,0.15797585392829094,1
0.9,0.11090614752350847,1
0.95,0.06866119448134309,1
1.0,0.0072227084698863915,1
0.0,1.0,0
0.05,0.9970938526839561,0
0.1,0.9923072875739135,0
0.15,0.9780499709608922,0
0.2,0.9473327993405536,1
0.25,0.8881006631525995,1
0.3,0.8000343661858829,1
0.35,0.7354759658978787,1
0.4,0.700073625350252,1
0.45,0.6481615792683656,1
0.5,0.5857034668970945,1
0.55,0.5184163431171978,1
0.6,0.4398248475958213,1
0.65,0.37704597608601326,1
0.7,0.30877646109022633,1
0.75,0.2498813008653619,1
0.8,0.1921060928868633,1
0.85,0.13991332586411692,1
0.9,0.09493737873329007,1
0.95,0.059098046098023334,1
1.0,0.0016272833988283004,1
0.0,1.0,1
0.05,0.9936682953602723,1
0.1,0.942116370531554,1
0.15,0.8796347409157499,1
0.2,0.8503626942271756,1
0.25,0.8334618848479258,1
0.3,0.7922418677790066,1
0.35,0.7417762806343177,1
0.4,0.6701200211383069,1
0.45,0.5649520106548815,1
0.5,0.4601493122257274,1
0.55,0.37645254665676564,1
0.6,0.303181930039374,1
0.65,0.2227430693832074,1
0.7,0.1489657056096146,1
0.75,0.10060846343497933,1
0.8,0.07699808791866777,1
0.85,0.06008561904226567,1
0.9,0.04230389557469419,1
0.95,0.024043546873496583,1
1.0,-0.005522746850585284,1
0.0,1.0,0
0.05,0.9975999342349279,0
0.1,0.984136520712053,0
0.15,0.9615200573041331,1
0.2,0.9350184395478773,1
0.25,0.894846871728921,1
0.3,0.8565022211407908,1
0.35,0.7871164346123708,1
0.4,0.7210199069429577,1
0.45,0.657791997502209,1
0.5,0.5689982603039715,1
0.55,0.4927575043970115,1
0.6,0.40983476964209825,1
0.65,0.33621735791793356,1
0.7,0.27267938023838084,1
0.75,0.21064203865570744,1
0.8,0.15876910993801294,1
0.85,0.11640008137198066,1
0.9,0.08068495189921812,1
0.95,0.04884647304261782,1
1.0,0.004670535724608894,1
0.0,1.0,0
0.05,0.9971577526516526,0
0.1,0.9797832972302245,0
0.15,0.9482222604765917,1
0.2,0.9165052363737363,1
0.25,0.8936896670516832,1
0.3,0.8336205535506106,1
0.35,0.7570835817607109,1
0.4,0.6584699363033197,1
0.45,0.5423676493906789,1
0.5,0.44974613083858606,1
0.55,0.35719020492190073,1
0.6,0.2635076893093188,1
0.65,0.21642031248592764,1
0.7,0.18158861395814754,1
0.75,0.15342756258223605,1
0.8,0.11767738705361706,1
0.85,0.08816263766891437,1
0.9,0.05865088159835986,1
0.95,0.03744176853381188,1
1.0,-0.00032540976644785877,1
0.0,1.0,0
0.05,0.9986753442662356,0
0.1,0.9924870346825295,1
0.15,0.9812895420590254,1
0.2,0.9646102774318852,1
0.25,0.9463352813827554,1
0.3,0.9251872294228406,1
0.35,0.8989373271657628,1
0.4,0.8636721866901679,1
0.45,0.8114831647539401,1
0.5,0.7482513403764537,1
0.55,0.6699958045863051,1
0.6,0.5791160418025776,1
0.65,0.483297527042126,1
0.7,0.39164836199814995,1
0.75,0.30752624683529534,1
0.8,0.2344734471119682,1
0.85,0.1728481791143068,1
0.9,0.12063030329331717,1
0.95,0.07444758332570578,1
1.0,0.008866434383085061,1
0.0,1.0,0
0.05,0.9993881587841887,0
0.1,0.9963799769903889,1
0.15,0.9902032331555867,1
0.2,0.981311041156084,1
0.25,0.9689638071277535,1
0.3,0.9512672281619299,1
0.35,0.927203602882153,1
0.4,0.8941436457303199,1
0.45,0.8496885692309504,1
0.5,0.7902033007332411,1
0.55,0.7135775231811203,1
0.6,0.6250977956055519,1
0.65,0.5287896916066568,1
0.7,0.43452218665352627,1
0.75,0.34404084340369817,1
0.8,0.26245727562900206,1
0.85,0.19366083048733376,1
0.9,0.13474930495147913,1
0.95,0.08293353572640647,1
1.0,0.0046663516563693296,1
0.0,0.9999999999999999,0
0.05,0.9938165286053219,0
0.1,0.9791746238034083,0
0.15,0.9541169548606644,1
0.2,0.9089426153012898,1
0.25,0.853393377463762,1
0.3,0.8037906847566073,1
0.35,0.7186790285751236,1
0.4,0.6098712562566596,1
0.45,0.5239538872370111,1
0.5,0.4674650985227295,1
0.55,0.38430007023453966,1
0.6,0.3288225959846553,1
0.65,0.2731816380710259,1
0.7,0.2191065066339256,1
0.75,0.1692018650898369,1
0.8,0.13161335415494804,1
0.85,0.099169778477207,1
0.9,0.07356003427599807,1
0.95,0.0516279756052444,1
1.0,0.011654903563370664,1
0.0,1.0,0
0.05,0.9991129864938468,0
0.1,0.9935978931158336,0
0.15,0.9832859353264022,1
0.2,0.9703157751606527,1
0.25,0.9531901550207216,1
0.3,0.9308167932923977,1
0.35,0.8993306674557134,1
0.4,0.857259145602293,1
0.45,0.8017170777349054,1
0.5,0.7338365709144532,1
0.55,0.65374058258382,1
0.6,0.5651764702311864,1
0.65,0.4696882745468296,1
0.7,0.3783447484794073,1
0.75,0.29598150576382404,1
0.8,0.2251251672452178,1
0.85,0.16782529756443648,1
0.9,0.11763012829065891,1
0.95,0.07213653996696742,1
1.0,0.006080858539859403,1
0.0,1.0,0
0.05,0.997383528579195,0
0.1,0.970539867529022,0
0.15,0.9306937905937279,1
0.2,0.9219583732309358,1
0.25,0.90804997056309,1
0.3,0.8827062561777784,1
0.35,0.8458055799009244,1
0.4,0.7937385414670011,1
0.45,0.7279941254429537,1
0.5,0.6388166492720605,1
0.55,0.5487205799766544,1
0.6,0.453943597590329,1
0.65,0.36800787856764,1
0.7,0.29030548937615475,1
0.75,0.22484553376832941,1
0.8,0.17045439087647832,1
0.85,0.12396177464011393,1
0.9,0.08536734585908337,1
0.95,0.05529184776767922,1
1.0,0.012854218945872563,1
0.0,1.0,0
0.05,0.9586810206887372,1
0.1,0.9897513182921218,1
0.15,0.96023821045068,1
0.2,0.8017865062731602,1
0.25,0.13151538172806393,1
0.3,0.7133980559150379,1
0.35,0.7346047964323844,1
0.4,0.6763380331458285,1
0.45,0.5889278899368532,1
0.5,0.4853579775935527,1
0.55,0.36752889672458877,1
0.6,0.29101745819996055,1
0.65,0.22779806107960981,1
0.7,0.1669725604349346,1
0.75,0.12207011222813219,1
0.8,0.10062069969760301,1
0.85,0.08001027149591154,1
0.9,0.06009544512065924,1
0.95,0.04122024899025849,1
1.0,0.01729527616726931,1
0.0,1.0,0
0.05,0.998010194344542,0
0.1,0.9894143786736328,0
0.15,0.9741669980663106,1
0.2,0.9547023314729784,1
0.25,0.9171295363306113,1
0.3,0.868423268739401,1
0.35,0.8102222924035368,1
0.4,0.7450262151830926,1
0.45,0.6665737935652613,1
0.5,0.5792351456950623,1
0.55,0.483094801778795,1
0.6,0.39184866929006995,1
0.65,0.3105072380973476,1
0.7,0.24537162663997486,1
0.75,0.1890751723659444,1
0.8,0.1435353974659838,1
0.85,0.1058983811909789,1
0.9,0.07479442407718925,1
0.95,0.048520935500008196,1
1.0,0.010192245057733081,1
0.0,0.9999999999999998,0
0.05,0.9975565080112482,0
0.1,0.9869385040820817,1
0.15,0.9689441200575466,1
0.2,0.9453218903938521,1
0.25,0.9155856726575033,1
0.3,0.8783702113930449,1
0.35,0.8337709918309563,1
0.4,0.7753061287390428,1
0.45,0.7087109615624109,1
0.5,0.6314100354104359,1
0.55,0.539575340483642,1
0.6,0.45197457233646376,1
0.65,0.3673683420905695,1
0.7,0.29100035813686836,1
0.75,0.22516897092447619,1
0.8,0.17131987394608375,1
0.85,0.12578948449980762,1
0.9,0.08784723692599541,1
0.95,0.0550061326767741,1
1.0,0.007223118452104745,1
0.0,1.0,0
0.05,0.9981883868377485,0
0.1,0.9904595945234761,0
0.15,0.9760423528100222,0
0.2,0.95378609340775,1
0.25,0.9215300486981796,1
0.3,0.8783200717572075,1
0.35,0.8228227907936998,1
0.4,0.7543042951757749,1
0.45,0.6572793259875663,1
0.5,0.5610689988318114,1
0.55,0.4750844765131009,1
0.6,0.390863343808429,1
0.65,0.31145588865101176,1
0.7,0.24238381351566474,1
0.75,0.1871261519521406,1
0.8,0.14024007596123678,1
0.85,0.10300907480401607,1
0.9,0.07214630892076893,1
0.95,0.04384848958943606,1
1.0,-0.00017899200566792188,1
0.0,0.9999999999999999,0
0.05,0.9906237237168377,1
0.1,0.8406515049253322,1
0.15,0.720534491023446,1
0.2,0.7007282192054649,1
0.25,0.7677428560219157,1
0.3,0.6058251813636798,1
0.35,0.39899612089030834,1
0.4,0.36588301982853577,1
0.45,0.4239024589393343,1
0.5,0.41126901020509765,1
0.55,0.3859559018478812,1
0.6,0.3786828769864796,1
0.65,0.3215815489961397,1
0.7,0.2566285803135678,1
0.75,0.19974987125405488,1
0.8,0.15126461709715378,1
0.85,0.11294453422126742,1
0.9,0.07827754671885442,1
0.95,0.05301148162092746,1
1.0,0.0140846216797158,1
0.0,1.0,0
0.05,0.9992513975645944,0
0.1,0.9959834839270516,0
0.15,0.9896251511171985,0
0.2,0.9797338073203157,1
0.25,0.9660007216830111,1
0.3,0.947192417162719,1
0.35,0.9221688726507514,1
0.4,0.8859296460191814,1
0.45,0.8399317349648715,1
0.5,0.7797727207496337,1
0.55,0.7028899392878472,1
0.6,0.6147881565071099,1
0.65,0.5215573002109302,1
0.7,0.4279397529104565,1
0.75,0.3386272681391935,1
0.8,0.26105186551731935,1
0.85,0.1947600695688877,1
0.9,0.13719610811044483,1
0.95,0.08612968087543453,1
1.0,0.01017493191590756,1
0.0,1.0,0
0.05,0.9987038924780335,0
0.1,0.9934888105092321,0
0.15,0.9832848426782831,1
0.2,0.96699832561926,1
0.25,0.9427915825815048,1
0.3,0.9127250203013194,1
0.35,0.8722478262195674,1
0.4,0.8230103289522731,1
0.45,0.7612140115413547,1
0.5,0.6874462246847609,1
0.55,0.602006711211701,1
0.6,0.5100977016710446,1
0.65,0.42066447422853437,1
0.7,0.33707337162414625,1
0.75,0.2645858550688828,1
0.8,0.20187865423513243,1
0.85,0.15047486481940836,1
0.9,0.1054424693773054,1
0.95,0.06671946036398219,1
1.0,0.009301229058258672,1
0.0,1.0,0
0.05,0.9991692409340588,0
0.1,0.9946436519828017,0
0.15,0.9862799639969556,0
0.2,0.9750728053592578,1
0.25,0.9593100015296644,1
0.3,0.9297840939930325,1
0.35,0.887832119608602,1
0.4,0.828632152728845,1
0.45,0.7668903847320181,1
0.5,0.6644244184115355,1
0.55,0.5778920111862955,1
0.6,0.4763546885282084,1
0.65,0.3899111144550295,1
0.7,0.30674257236256836,1
0.75,0.2480234160371363,1
0.8,0.1901739718036017,1
0.85,0.139837510677653,1
0.9,0.09769543389580872,1
0.95,0.06206153506461454,1
1.0,0.009594508263481573,1
0.0,1.0,0
0.05,0.9990838738991145,0
0.1,0.9946160335419814,0
0.15,0.9864558520812192,0
0.2,0.9746932628618119,1
0.25,0.9556444454890941,1
0.3,0.9367139090538947,1
0.35,0.9098462183169371,1
0.4,0.878586724240731,1
0.45,0.8360375837702857,1
0.5,0.7637434608361395,1
0.55,0.6825382086610793,1
0.6,0.5894327639295278,1
0.65,0.49496472130663194,1
0.7,0.40403005279255666,1
0.75,0.3171911458941566,1
0.8,0.24202464201038612,1
0.85,0.17838984167192512,1
0.9,0.12353813169472083,1
0.95,0.07437224589896702,1
1.0,-0.0011123930896270937,1
0.0,1.0,1
0.05,0.9877098672228499,1
0.1,0.984384580442143,0
0.15,0.9625994110505809,1
0.2,0.8849899232349852,1
0.25,0.7580685513426086,1
0.3,0.6612095568367872,1
0.35,0.45036503285550117,1
0.4,0.29231214481050544,1
0.45,0.19576929144637814,1
0.5,0.23760478302167526,1
0.55,0.17654747917825503,1
0.6,0.11349966208864669,1
0.65,0.11627327597850816,1
0.7,0.07736007944649226,1
0.75,0.06029858584651155,1
0.8,0.0383687880440828,1
0.85,0.028169878264255807,1
0.9,0.019684329627553978,1
0.95,0.004888922981412679,1
1.0,-0.02312700099856146,1
0.0,1.0,0
0.05,0.9944023386501425,0
0.1,0.9826810053277183,0
0.15,0.9593434013883698,1
0.2,0.9181061238515466,1
0.25,0.8434518904893382,1
0.3,0.7635872985778097,1
0.35,0.7015288310211356,1
0.4,0.662471466604471,1
0.45,0.5915120851316841,1
0.5,0.49600013805767906,1
0.55,0.39960851942046316,1
0.6,0.3171636309733817,1
0.65,0.2507436932048598,1
0.7,0.19227632992850824,1
0.75,0.1466171157997309,1
0.8,0.11363004076997883,1
0.85,0.08617710495015203,1
0.9,0.0631079658067287,1
0.95,0.04403683628115065,1
1.0,0.023008259873444032,1
0.0,1.0,0
0.05,0.9988907587268108,0
0.1,0.9932961511373907,1
0.15,0.9832741027171586,1
0.2,0.9702607315306492,1
0.25,0.9526702404980526,1
0.3,0.9276215631397188,1
0.35,0.8939644751367213,1
0.4,0.8527153918679057,1
0.45,0.7865558278531211,1
0.5,0.7142368603556836,1
0.55,0.6331474173226139,1
0.6,0.542136387964781,1
0.65,0.442531378328096,1
0.7,0.3545487681552678,1
0.75,0.27652144901498427,1
0.8,0.20814324896085318,1
0.85,0.15187892705820435,1
0.9,0.10485199537529859,1
0.95,0.06518144318696838,1
1.0,0.005180654779793921,1
0.0,0.9999999999999999,1
0.05,0.9929319287923479,0
0.1,0.9744432628129589,1
0.15,0.9417387719973817,1
0.2,0.8854524898191516,1
0.25,0.8408563014459944,1
0.3,0.7687009109882106,1
0.35,0.674275993325075,1
0.4,0.5879082859642656,1
0.45,0.5146010871108168,1
0.5,0.4379965628443541,1
0.55,0.357079983894345,1
0.6,0.27960525797749414,1
0.65,0.21854826309193198,1
0.7,0.16326520718919726,1
0.75,0.12654353475244062,1
0.8,0.10635977663863455,1
0.85,0.08010334244289724,1
0.9,0.05975327114280952,1
0.95,0.035899823801651166,1
1.0,0.008251657850841827,1
0.0,1.0,0
0.05,0.9960763717606467,0
0.1,0.9797532743417365,1
0.15,0.9642264111937204,1
0.2,0.9354809956082706,1
0.25,0.8967941880428214,1
0.3,0.7760205626269191,1
0.35,0.6561715652485862,1
0.4,0.606441509516992,1
0.45,0.555582413132518,1
0.5,0.48353423273635954,1
0.55,0.41209890641325414,1
0.6,0.33318217787502097,1
0.65,0.2684406702927909,1
0.7,0.20958368473767497,1
0.75,0.16607540489464628,1
0.8,0.12736235029375445,1
0.85,0.09487860113021715,1
0.9,0.06632622414120375,1
0.95,0.03702874265485871,1
1.0,0.0200144784267253,1
0.0,1.0,0
0.05,0.996218897182716,0
0.1,0.9563791968316944,1
0.15,0.9113398931419372,1
0.2,0.8928632494108862,1
0.25,0.8702513966838281,1
0.3,0.8548275527250155,1
0.35,0.7364503285462604,1
0.4,0.6651733493500394,1
0.45,0.5884025502576936,1
0.5,0.5063252747214296,1
0.55,0.4240011439509546,1
0.6,0.3483756255047388,1
0.65,0.2802412119300563,1
0.7,0.22212172871023514,1
0.75,0.17315126235204498,1
0.8,0.13208537714135765,1
0.85,0.0983039631257468,1
0.9,0.07089339097791185,1
0.95,0.04748111852470117,1
1.0,0.016975002763849986,1
0.0,0.9999999999999999,0
0.05,0.9946520114002126,0
0.1,0.9862018130029363,0
0.15,0.9659305643035246,0
0.2,0.9291612628456226,1
0.25,0.8601715661529995,1
0.3,0.8121298185286716,1
0.35,0.7412223136898708,1
0.4,0.659829411600591,1
0.45,0.5742328334502455,1
0.5,0.49738634642414725,1
0.55,0.415854622715968,1
0.6,0.3399153402407718,1
0.65,0.27199427578190283,1
0.7,0.2149654461987261,1
0.75,0.16732142133604655,1
0.8,0.12940519231692058,1
0.85,0.09865397317259718,1
0.9,0.07420371370023633,1
0.95,0.053737847115690164,1
1.0,0.03058070518458671,1
0.0,1.0,1
0.05,0.9908894982992038,1
0.1,0.9875549494695962,1
0.15,0.9532516393373278,1
0.2,0.8596547782025422,1
0.25,0.7900501738011063,1
0.3,0.7302107118522051,1
0.35,0.657738044832638,1
0.4,0.5813973507159166,1
0.45,0.5025643608086375,1
0.5,0.4262819414625671,1
0.55,0.3426947793572003,1
0.6,0.2809319995919503,1
0.65,0.23495145300791012,1
0.7,0.18790427669132514,1
0.75,0.15077884164494018,1
0.8,0.11886934457919084,1
0.85,0.09284000985421416,1
0.9,0.07223267316901517,1
0.95,0.05507587353947097,1
1.0,0.0379885357139637,1
0.0,1.0,0
0.05,0.9973946760073177,0
0.1,0.987345202347354,1
0.15,0.9694926236846773,1
0.2,0.9430522341773794,1
0.25,0.9079317036253217,1
0.3,0.8632746607199061,1
0.35,0.8117987869629556,1
0.4,0.7486517975011108,1
0.45,0.6758410168451138,1
0.5,0.5922990886952703,1
0.55,0.5048526611070788,1
0.6,0.41872857466562124,1
0.65,0.3384788425062705,1
0.7,0.2676496217623571,1
0.75,0.20711102763024644,1
0.8,0.15687482051900895,1
0.85,0.11584664157692617,1
0.9,0.08199140584264579,1
0.95,0.052893371331651354,1
1.0,0.012093756138647738,1
0.0,1.0,0
0.05,0.9990340100136403,0
0.1,0.9951788732420097,0
0.15,0.9877561132895083,1
0.2,0.9754233965172735,1
0.25,0.9597815183095215,1
0.3,0.9394107919545641,1
0.35,0.9132590332227836,1
0.4,0.8776681281014749,1
0.45,0.8300732917630922,1
0.5,0.7674520661074923,1
0.55,0.6893946934934151,1
0.6,0.5993285327831529,1
0.65,0.5032163937800095,1
0.7,0.40932288563123054,1
0.75,0.3228711222147362,1
0.8,0.24705487311243232,1
0.85,0.1825630028165943,1
0.9,0.12764722379862084,1
0.95,0.07945666329381823,1
1.0,0.00843315900443259,1
0.0,1.0,0
0.05,0.9935938630627189,1
0.1,0.9753367218757166,1
0.15,0.9391619684745842,1
0.2,0.8941400427867834,1
0.25,0.847414311223612,1
0.3,0.7811498421109008,1
0.35,0.7208164986632736,1
0.4,0.6027572611381786,1
0.45,0.46566723390798564,1
0.5,0.4021376620903518,1
0.55,0.31204910421821724,1
0.6,0.27617413029567406,1
0.65,0.23396244466215807,1
0.7,0.19107039846580914,1
0.75,0.1460454268190708,1
0.8,0.11151463296284513,1
0.85,0.0816527354287914,1
0.9,0.05677059905027534,1
0.95,0.04009924684587793,1
1.0,0.020059586725659915,1
0.0,1.0,0
0.05,0.9989428534253256,0
0.1,0.9947442072837438,0
0.15,0.9869037911481168,1
0.2,0.9745063066173875,1
0.25,0.9576521336905408,1
0.3,0.9344877223706142,1
0.35,0.9010158838785974,1
0.4,0.8594906130801876,1
0.45,0.8060825824166449,1
0.5,0.7371572814572196,1
0.55,0.6562238341173595,1
0.6,0.5654972258997782,1
0.65,0.4721208716076493,1
0.7,0.38277998619836057,1
0.75,0.3010077100134353,1
0.8,0.22962621334787314,1
0.85,0.16983288388496623,1
0.9,0.11930418862816526,1
0.95,0.07467459385584316,1
1.0,0.010862665446811208,1
0.0,1.0,0
0.05,0.9992202215237473,0
0.1,0.995209190546682,0
0.15,0.9877141150418618,0
0.2,0.9773868750139126,1
0.25,0.964284860716898,1
0.3,0.9473168455214044,1
0.35,0.9239974510799944,1
0.4,0.8922268378086703,1
0.45,0.8483446198447566,1
0.5,0.7921007708758114,1
0.55,0.7181818013028158,1
0.6,0.6311146689954076,1
0.65,0.5367425368663641,1
0.7,0.4416390501912426,1
0.75,0.3520243028081993,1
0.8,0.2707430074276376,1
0.85,0.20157591585081833,1
0.9,0.14062159170342547,1
0.95,0.08703401790737157,1
1.0,0.007108843859849361,1
0.0,1.0,0
0.05,0.9982982275320003,0
0.1,0.9914740848968806,0
0.15,0.9792052129055603,1
0.2,0.9614680187864737,1
0.25,0.9366306379515575,1
0.3,0.9044272001939685,1
0.35,0.8586385368117608,1
0.4,0.8076019515036287,1
0.45,0.7441968531586576,1
0.5,0.6721922423645426,1
0.55,0.5862683811715564,1
0.6,0.4953176300195834,1
0.65,0.40347952561047373,1
0.7,0.3219358484708707,1
0.75,0.25003940798338603,1
0.8,0.1894389613032981,1
0.85,0.13921124373017243,1
0.9,0.09772127586598435,1
0.95,0.06222385798973684,1
1.0,0.01006543793762442,1
0.0,0.9999999999999999,0
0.05,0.995439076295061,0
0.1,0.9232850937303838,1
0.15,0.8587797101855549,1
0.2,0.8628365907075631,1
0.25,0.8446183217353235,1
0.3,0.8201258850123835,1
0.35,0.7742115342828966,1
0.4,0.6977433467824582,1
0.45,0.6176750104973634,1
0.5,0.5443630400014857,1
0.55,0.47672853074791366,1
0.6,0.4259140342794184,1
0.65,0.3509772251211133,1
0.7,0.2801012001879294,1
0.75,0.22069262569328857,1
0.8,0.16451465397147683,1
0.85,0.12165515878585437,1
0.9,0.08635033590788734,1
0.95,0.054195498655990375,1
1.0,0.008240637260311046,1
0.0,1.0,0
0.05,0.9976344956873574,0
0.1,0.9851807960435744,1
0.15,0.9635273072440075,1
0.2,0.9404175390256934,1
0.25,0.9197195742782829,1
0.3,0.8949095419802621,1
0.35,0.8602541060463181,1
0.4,0.8150129157527058,1
0.45,0.7593142274343017,1
0.5,0.690997688074096,1
0.55,0.6127287868497702,1
0.6,0.5242812238325439,1
0.65,0.4350187933502618,1
0.7,0.35145544328499834,1
0.75,0.2757034911022032,1
0.8,0.2111608869251385,1
0.85,0.15553846766992618,1
0.9,0.10799128127025594,1
0.95,0.06587919122206604,1
1.0,0.003977078589944647,1
0.0,1.0,1
0.05,0.9872356609156855,1
0.1,0.9817602642546897,1
0.15,0.9559642737710169,1
0.2,0.8841245426137159,1
0.25,0.7691656242233242,1
0.3,0.6314301195097406,1
0.35,0.5443345756836272,1
0.4,0.592716103769732,1
0.45,0.5249275952102554,1
0.5,0.4310460369047219,1
0.55,0.3489592149333473,1
0.6,0.2872802429630433,1
0.65,0.23052072612985278,1
0.7,0.18437121822528196,1
0.75,0.1466597841712645,1
0.8,0.11565257283384016,1
0.85,0.0906838838930848,1
0.9,0.07165261220466212,1
0.95,0.054563370977105986,1
1.0,0.039088695073889373,1
0.0,1.0,0
0.05,0.9988819369122086,0
0.1,0.9941709806834547,0
0.15,0.9854929652879761,1
0.2,0.9727685646671745,1
0.25,0.9554531609043849,1
0.3,0.9328539134426219,1
0.35,0.9048358114381628,1
0.4,0.8677273426065751,1
0.45,0.8188670391047522,1
0.5,0.7546981368141489,1
0.55,0.6756972053455816,1
0.6,0.5832253061531858,1
0.65,0.48300651840028846,1
0.7,0.3916559637155652,1
0.75,0.30785762337356315,1
0.8,0.2350703307288666,1
0.85,0.1736652181178901,1
0.9,0.12177010876565464,1
0.95,0.0762419592603389,1
1.0,0.009558413219853136,1
0.0,0.9999999999999999,0
0.05,0.998542248948154,0
0.1,0.9923333794850635,1
0.15,0.9810256518108231,1
0.2,0.964696428301217,1
0.25,0.9434364271382346,1
0.3,0.9158238392953068,1
0.35,0.8805822740240407,1
0.4,0.8357173602056271,1
0.45,0.7777525746885334,1
0.5,0.7064478475483065,1
0.55,0.6212081968008583,1
0.6,0.525586903883177,1
0.65,0.43337521363295856,1
0.7,0.3475966621306566,1
0.75,0.27118183275603064,1
0.8,0.20607310054311123,1
0.85,0.15181279326260977,1
0.9,0.1063879836527551,1
0.95,0.06670147492471548,1
1.0,0.009284028234869833,1
0.0,1.0,0
0.05,0.9983771284486911,0
0.1,0.9909663308679433,1
0.15,0.9773925619460903,1
0.2,0.959611658036256,1
0.25,0.9379140442127019,1
0.3,0.9120680846147994,1
0.35,0.870113297193829,1
0.4,0.8211741924320094,1
0.45,0.7597496883564799,1
0.5,0.6819663019053008,1
0.55,0.59579691652621,1
0.6,0.5014315800883841,1
0.65,0.4126719027220822,1
0.7,0.3305926506440479,1
0.75,0.2577779286721513,1
0.8,0.19629801395327834,1
0.85,0.1452380482508008,1
0.9,0.1020015754900649,1
0.95,0.0643489094244896,1
1.0,0.00917698437678393,1
0.0,1.0,0
0.05,0.9988988966283034,0
0.1,0.9939418518502948,0
0.15,0.9846779328405035,0
0.2,0.9712554323137347,1
0.25,0.9540376588319877,1
0.3,0.9320292853102137,1
0.35,0.9010096849084653,1
0.4,0.861300675803978,1
0.45,0.8001258575865048,1
0.5,0.7360144122745517,1
0.55,0.6576384789377769,1
0.6,0.5648933966514348,1
0.65,0.46427440579542795,1
0.7,0.37526731101947364,1
0.75,0.29464185074220967,1
0.8,0.22347530400039706,1
0.85,0.16485485387890528,1
0.9,0.11164271341707631,1
0.95,0.0686532393646382,1
1.0,0.004733865446692306,1
0.0,1.0,0
0.05,0.9986630390499321,0
0.1,0.9936344770806156,0
0.15,0.9845349151128787,0
0.2,0.9709901162760027,0
0.25,0.9500904670799736,1
0.3,0.919748997184047,1
0.35,0.8843627822028914,1
0.4,0.8396652080145978,1
0.45,0.7824272466337141,1
0.5,0.7091652080697701,1
0.55,0.6244900805419185,1
0.6,0.529814289397883,1
0.65,0.4388688755079607,1
0.7,0.3556162489656856,1
0.75,0.27965649882100274,1
0.8,0.2140895088780014,1
0.85,0.1595136297877287,1
0.9,0.11419882895869907,1
0.95,0.0741922663681539,1
1.0,0.016812864280715236,1
0.0,0.9999999999999999,0
0.05,0.9986448994297741,0
0.1,0.9939136336116098,0
0.15,0.9849539699820935,0
0.2,0.9706058437400732,0
0.25,0.94858322939584,1
0.3,0.9207419634235582,1
0.35,0.885202669736428,1
0.4,0.8392054300523407,1
0.45,0.7773499617209492,1
0.5,0.7034821165821709,1
0.55,0.6216969803337328,1
0.6,0.532500580631188,1
0.65,0.43973471757791655,1
0.7,0.353302833940257,1
0.75,0.27682765018590544,1
0.8,0.21100620569288425,1
0.85,0.1554721326482007,1
0.9,0.10731963983561789,1
0.95,0.06969290070716426,1
1.0,0.018320678888914126,1
0.0,1.0,0
0.05,0.9977880304711675,0
0.1,0.988347126657625,1
0.15,0.971769054860232,1
0.2,0.9486994137812313,1
0.25,0.9195150545951593,1
0.3,0.8832430145624653,1
0.35,0.8377581576089287,1
0.4,0.7816799761511389,1
0.45,0.7123989191338947,1
0.5,0.6338745345723494,1
0.55,0.5467947105290463,1
0.6,0.45618446700679116,1
0.65,0.3635939186969952,1
0.7,0.28724634212970906,1
0.75,0.22267683719106734,1
0.8,0.16835669701190692,1
0.85,0.12354069940857074,1
0.9,0.0865276712867972,1
0.95,0.05443898065056103,1
1.0,0.008526252345624178,1
0.0,0.9999999999999998,0
0.05,0.9905354207417545,1
0.1,0.9628770375383008,1
0.15,0.9041420149866031,1
0.2,0.8536922216140642,1
0.25,0.8024217369530815,1
0.3,0.7506417183322641,1
0.35,0.669806454057226,1
0.4,0.5975958797078069,1
0.45,0.5153458062480027,1
0.5,0.4300489275676522,1
0.55,0.3487220885315592,1
0.6,0.2611229280227557,1
0.65,0.2140495396544888,1
0.7,0.16783464938510473,1
0.75,0.1336040412240844,1
0.8,0.10411587126738778,1
0.85,0.07961642417008886,1
0.9,0.06068963847573,1
0.95,0.042404950991735794,1
1.0,0.021726778004676286,1
0.0,0.9999999999999999,0
0.05,0.9989130315166038,0
0.1,0.9946291254968466,0
0.15,0.9862977175178733,1
0.2,0.972643080203186,1
0.25,0.9535725940047449,1
0.3,0.9281574668840256,1
0.35,0.8936443100969583,1
0.4,0.8473005433228704,1
0.45,0.7885014481187579,1
0.5,0.713469099293925,1
0.55,0.6261812101243769,1
0.6,0.5338103933441042,1
0.65,0.4405199195159405,1
0.7,0.3558597191272115,1
0.75,0.2802681083521259,1
0.8,0.21449984047188586,1
0.85,0.1589415292293887,1
0.9,0.11208512813793689,1
0.95,0.07087273160975792,1
1.0,0.01155556261396075,1
0.0,1.0,0
0.05,0.9994800036268042,0
0.1,0.9971548081440277,0
0.15,0.9922711664214852,0
0.2,0.9844436447366057,1
0.25,0.9704688359152853,1
0.3,0.9479281711287646,1
0.35,0.9101394378977247,1
0.4,0.8587418200765579,1
0.45,0.789270978951805,1
0.5,0.7045485573390763,1
0.55,0.6102009980458962,1
0.6,0.5116402623323292,1
0.65,0.4138737920592926,1
0.7,0.32991376739572287,1
0.75,0.25592781455703933,1
0.8,0.19431813870571515,1
0.85,0.1465759870037911,1
0.9,0.10681693892431304,1
0.95,0.07306800088409611,1
1.0,0.028238800867020145,1
0.0,0.9999999999999999,0
0.05,0.9987463217415461,0
0.1,0.9933593675499193,0
0.15,0.9833025685822085,1
0.2,0.9682327033231533,1
0.25,0.9466746187989571,1
0.3,0.9170808327629845,1
0.35,0.8784830115188205,1
0.4,0.827846670691723,1
0.45,0.7624317339542483,1
0.5,0.6821163430803047,1
0.55,0.5900337656841955,1
0.6,0.4930796686403029,1
0.65,0.40079855774838735,1
0.7,0.31942449018137825,1
0.75,0.24838573313321113,1
0.8,0.1879894154605984,1
0.85,0.13817663154161952,1
0.9,0.0974564103286231,1
0.95,0.06132744297698486,1
1.0,0.009792557146683586,1
0.0,1.0,0
0.05,0.9984668790581216,0
0.1,0.9921580169301595,0
0.15,0.979811686129084,1
0.2,0.9595758045100028,1
0.25,0.931636816429974,1
0.3,0.8975832928095997,1
0.35,0.85117314556226,1
0.4,0.790869290811991,1
0.45,0.7226622387219108,1
0.5,0.6370408103622721,1
0.55,0.5459161613316972,1
0.6,0.45484700947991746,1
0.65,0.3691745872550158,1
0.7,0.2931780919299888,1
0.75,0.22753057128621576,1
0.8,0.17275496772475635,1
0.85,0.1276909541906467,1
0.9,0.0903071294579928,1
0.95,0.058010856441838295,1
1.0,0.012390515493662477,1
0.0,0.9999999999999998,0
0.05,0.9981672211171677,0
0.1,0.9911995770354732,0
0.15,0.9780122017033525,0
0.2,0.9575734790226573,1
0.25,0.9265097995065205,1
0.3,0.8821187344238484,1
0.35,0.8243423375678224,1
0.4,0.7415741109247007,1
0.45,0.6553235672845562,1
0.5,0.5820341181551135,1
0.55,0.49959790100074597,1
0.6,0.41888279518000116,1
0.65,0.3385600387786303,1
0.7,0.2658986851283378,1
0.75,0.20088582784979916,1
0.8,0.15385333684940738,1
0.85,0.11421447986243362,1
0.9,0.07841988723864758,1
0.95,0.046603673937651975,1
1.0,0.0009377231228520041,1
0.0,1.0,0
0.05,0.9971440956702118,0
0.1,0.9820625892160292,0
0.15,0.9560805288393609,1
0.2,0.9222980790563583,1
0.25,0.8960223316509567,1
0.3,0.8531735149125805,1
0.35,0.8162992636971786,1
0.4,0.7482827487536536,1
0.45,0.6717404106877892,1
0.5,0.5863933328481664,1
0.55,0.4951838841557385,1
0.6,0.4063190065895406,1
0.65,0.32445533878724475,1
0.7,0.2573330935465667,1
0.75,0.19943308841971508,1
0.8,0.15124446087369048,1
0.85,0.1126773813198481,1
0.9,0.0788164106219359,1
0.95,0.04878887334070425,1
1.0,0.007989020527197391,1
0.0,1.0,0
0.05,0.9974108395460249,0
0.1,0.9830963526952416,0
0.15,0.958317438129681,1
0.2,0.9321156877031492,1
0.25,0.9008264804701203,1
0.3,0.8660661581056087,1
0.35,0.8149791687665618,1
0.4,0.7453423414172206,1
0.45,0.6647043593568773,1
0.5,0.5727520432572492,1
0.55,0.48172322605984885,1
0.6,0.3983386686000839,1
0.65,0.32169678855062994,1
0.7,0.25084255086412804,1
0.75,0.19292525762884746,1
0.8,0.13997823180024485,1
0.85,0.10253167000406817,1
0.9,0.0762635143259178,1
0.95,0.04970047110020172,1
1.0,0.013478711552281997,1
0.0,1.0,0
0.05,0.9986511285486567,0
0.1,0.9930030998681955,0
0.15,0.9816519691234278,1
0.2,0.963171093341447,1
0.25,0.9360753399245166,1
0.3,0.900032200554051,1
0.35,0.8496992438313512,1
0.4,0.7864997278931163,1
0.45,0.7100885970642759,1
0.5,0.6218593612470973,1
0.55,0.5278148235854307,1
0.6,0.4350286184804879,1
0.65,0.3493978001984472,1
0.7,0.276063275969093,1
0.75,0.21382624509869116,1
0.8,0.1619363175375879,1
0.85,0.12011306982957437,1
0.9,0.08544311904072034,1
0.95,0.05524114150242706,1
1.0,0.014264698811255475,1
0.0,1.0,0
0.05,0.9994194777506361,0
0.1,0.996872542777965,0
0.15,0.9919161925437509,1
0.2,0.9841344242204855,1
0.25,0.9731670396014489,1
0.3,0.9575967999665009,1
0.35,0.9361683621392903,1
0.4,0.9067556129467569,1
0.45,0.8644981010732079,1
0.5,0.8069760158674523,1
0.55,0.7330283579295869,1
0.6,0.6458234250780405,1
0.65,0.5485785343848687,1
0.7,0.45130693325668053,1
0.75,0.3582795264088036,1
0.8,0.2756794939507831,1
0.85,0.20463253179626556,1
0.9,0.14363612074441534,1
0.95,0.08932507639972881,1
1.0,0.009266946688969659,1
0.0,0.9999999999999999,0
0.05,0.9957415123327178,0
0.1,0.9672456412657877,1
0.15,0.932476152658867,1
0.2,0.9075790347659916,1
0.25,0.8775466984550303,1
0.3,0.8333580869413573,1
0.35,0.7649158621958394,1
0.4,0.680045382852071,1
0.45,0.5841294188644764,1
0.5,0.49157686931053707,1
0.55,0.402585813881663,1
0.6,0.3286802460441484,1
0.65,0.2582712713546075,1
0.7,0.20240821045477228,1
0.75,0.1573967032013774,1
0.8,0.1171342239251813,1
0.85,0.08792038897488201,1
0.9,0.0644413450159334,1
0.95,0.04266773085420226,1
1.0,0.009962207354700907,1
0.0,1.0,1
0.05,0.9949094555944725,1
0.1,0.9816865846998811,0
0.15,0.9574417384282092,1
0.2,0.9187825945260862,1
0.25,0.8267863453809281,1
0.3,0.8170051107117928,1
0.35,0.7450634102058774,1
0.4,0.6606608768366712,1
0.45,0.5760664924564668,1
0.5,0.4734160203472949,1
0.55,0.3769759104929787,1
0.6,0.30414591274552144,1
0.65,0.22934955700329576,1
0.7,0.1872218219896457,1
0.75,0.13299832643463894,1
0.8,0.11824860516032573,1
0.85,0.10939956207528662,1
0.9,0.08875791908487439,1
0.95,0.07188329199616329,1
1.0,0.055468448504124336,1
0.0,1.0,0
0.05,0.996261426222056,0
0.1,0.9888527802125575,0
0.15,0.9760832754418882,0
0.2,0.9304621651006382,1
0.25,0.9136978199097185,1
0.3,0.7919185674119865,1
0.35,0.638135417049389,1
0.4,0.5868777726681044,1
0.45,0.5177919913724564,1
0.5,0.464909567892269,1
0.55,0.3894391657283931,1
0.6,0.3049541875560104,1
0.65,0.22929410000164524,1
0.7,0.1773948253297739,1
0.75,0.1414002760365655,1
0.8,0.10396545523981833,1
0.85,0.08257963040002392,1
0.9,0.06250783928038535,1
0.95,0.04718205949664835,1
1.0,0.024081302528421195,1
0.0,1.0,0
0.05,0.99833481619216,0
0.1,0.9923844873590365,0
0.15,0.9803254728078709,0
0.2,0.9604001680706732,1
0.25,0.9302331896829512,1
0.3,0.8779977403498275,1
0.35,0.8030138279539898,1
0.4,0.7070210318083053,1
0.45,0.6354616516714011,1
0.5,0.5430145996548087,1
0.55,0.44973817984968006,1
0.6,0.3822924469687216,1
0.65,0.29909926739616427,1
0.7,0.2316828175749063,1
0.75,0.1846730772489511,1
0.8,0.13990096127687696,1
0.85,0.10382997487096167,1
0.9,0.07201693652279811,1
0.95,0.046795874991478546,1
1.0,0.006816155941752601,1
0.0,0.9999999999999999,0
0.05,0.9987318057241532,0
0.1,0.9934504728870326,1
0.15,0.9831820005340324,1
0.2,0.9671059224918939,1
0.25,0.9439407528980519,1
0.3,0.9129575392565121,1
0.35,0.8713379615886363,1
0.4,0.8191398933103237,1
0.45,0.7547410647175246,1
0.5,0.677460909484386,1
0.55,0.589072848524683,1
0.6,0.49734879691871925,1
0.65,0.4072166292057772,1
0.7,0.325286207447396,1
0.75,0.2535207184965144,1
0.8,0.19313436896954655,1
0.85,0.14280209660095983,1
0.9,0.10046805737730218,1
0.95,0.06365859091469668,1
1.0,0.010590181577088466,1
0.0,1.0,0
0.05,0.9976374572982918,0
0.1,0.9881801480170342,1
0.15,0.969115554570564,1
0.2,0.9357026499790536,1
0.25,0.8644029961038446,1
0.3,0.7898163706898975,1
0.35,0.7054070366871377,1
0.4,0.6583800799752845,1
0.45,0.5398115931859047,1
0.5,0.4277703381217259,1
0.55,0.3576384603981083,1
0.6,0.29082268543883233,1
0.65,0.2392916546329292,1
0.7,0.18573052964525907,1
0.75,0.16075236390825565,1
0.8,0.12072679352140145,1
0.85,0.0912495859315147,1
0.9,0.06255453132210488,1
0.95,0.03910481160945192,1
1.0,0.003820449531776134,1
0.0,1.0,0
0.05,0.9992210690939713,0
0.1,0.9960366102975556,0
0.15,0.9896565323000585,1
0.2,0.9798008268035177,1
0.25,0.9660441211040222,1
0.3,0.9491232348039862,1
0.35,0.9266234370524151,1
0.4,0.8967003805228153,1
0.45,0.8553372298174355,1
0.5,0.7989056469603055,1
0.55,0.7269439567948568,1
0.6,0.6399595876618664,1
0.65,0.5434715929165501,1
0.7,0.4462178097627181,1
0.75,0.3532947807288877,1
0.8,0.2711906835238931,1
0.85,0.2006780915418648,1
0.9,0.14045991037454178,1
0.95,0.08709119782552734,1
1.0,0.008297924938574895,1
0.0,1.0,0
0.05,0.9989919031452408,0
0.1,0.9886210930248366,0
0.15,0.9783675238840319,0
0.2,0.9721841759984641,0
0.25,0.9607502122200893,1
0.3,0.9408339930835009,1
0.35,0.9051256741745981,1
0.4,0.8536090664273881,1
0.45,0.783171510421754,1
0.5,0.7008819300894144,1
0.55,0.6065470380177682,1
0.6,0.5063525944387557,1
0.65,0.40268477330822566,1
0.7,0.31501665031430287,1
0.75,0.2321792322455692,1
0.8,0.17947105090038123,1
0.85,0.1364933784968411,1
0.9,0.10156690453693935,1
0.95,0.07276904158280037,1
1.0,0.03843857751331919,1
0.0,1.0,0
0.05,0.9987018635121394,0
0.1,0.9930325341173776,0
0.15,0.9815618487314218,1
0.2,0.9638501561278774,1
0.25,0.9312563467279807,1
0.3,0.884936168738085,1
0.35,0.8176730874559939,1
0.4,0.7340611272819937,1
0.45,0.6346716610559977,1
0.5,0.53293865890941,1
0.55,0.41996340014776984,1
0.6,0.34026514380249645,1
0.65,0.2689058574714496,1
0.7,0.20557532042989868,1
0.75,0.1462265767788748,1
0.8,0.11382040704223748,1
0.85,0.08387713244059816,1
0.9,0.0583695032067076,1
0.95,0.03807696736053399,1
1.0,0.009414372134705782,1
0.0,1.0,0
0.05,0.9991001394466855,0
0.1,0.9932574258656922,0
0.15,0.9830070095339984,0
0.2,0.9705498583950138,1
0.25,0.9513371026706305,1
0.3,0.9213617241188171,1
0.35,0.8685544552398257,1
0.4,0.8402138171659003,1
0.45,0.7983516038363865,1
0.5,0.7412899323455385,1
0.55,0.6682711811221999,1
0.6,0.5852187485440594,1
0.65,0.48882874632366097,1
0.7,0.3998655902204269,1
0.75,0.31627901558453386,1
0.8,0.241715688045923,1
0.85,0.1793148009656778,1
0.9,0.12477764442372384,1
0.95,0.07731832767862167,1
1.0,0.00955761199059645,1
0.0,0.9999999999999998,0
0.05,0.998334145996456,0
0.1,0.991931435371179,1
0.15,0.9796938178912545,1
0.2,0.960537427134388,1
0.25,0.9325097167909115,1
0.3,0.8915775522746083,1
0.35,0.843615972355538,1
0.4,0.7839957991979449,1
0.45,0.710529657192164,1
0.5,0.6243519246144308,1
0.55,0.5351069767821843,1
0.6,0.4456665881859387,1
0.65,0.36134701721252505,1
0.7,0.2868172083018945,1
0.75,0.22282461076097018,1
0.8,0.16949013859852508,1
0.85,0.12561238267402935,1
0.9,0.08917801751815184,1
0.95,0.05780696121810628,1
1.0,0.013713282539087398,1
0.0,1.0,0
0.05,0.9706155406966054,1
0.1,0.9404358298632313,1
0.15,0.8567281486331336,1
0.2,0.6247746827960738,1
0.25,0.46280103559882896,1
0.3,0.5728950625872492,1
0.35,0.565773402846585,1
0.4,0.5129179261023274,1
0.45,0.4384388394318191,1
0.5,0.38506198894748306,1
0.55,0.32295030557175497,1
0.6,0.288586211199048,1
0.65,0.2440307799452768,1
0.7,0.19656389923771622,1
0.75,0.15428734677839392,1
0.8,0.11984232672274103,1
0.85,0.09189686367320236,1
0.9,0.06777858439961006,1
0.95,0.04798362245060845,1
1.0,0.02190406114978901,1
0.0,0.9999999999999999,0
0.05,0.9784387952617768,1
0.1,0.9149875492915344,1
0.15,0.8075197329250952,1
0.2,0.5945904275441667,1
0.25,0.6800535510754399,1
0.3,0.5753009440551832,1
0.35,0.5727111492407214,1
0.4,0.5477289089467299,1
0.45,0.48048463349271764,1
0.5,0.39799079043600627,1
0.55,0.3974219660027021,1
0.6,0.36105467986272133,1
0.65,0.306565727513633,1
0.7,0.2589765008770056,1
0.75,0.21004831412796032,1
0.8,0.15614885324797784,1
0.85,0.11157449301474204,1
0.9,0.07561053091614667,1
0.95,0.04875351916169021,1
1.0,-0.016231659658482413,1
0.0,1.0,0
0.05,0.9961713930991574,0
0.1,0.9844247234246876,1
0.15,0.9631948677165179,1
0.2,0.9305004241753894,1
0.25,0.8838206299953577,1
0.3,0.8272958963159878,1
0.35,0.7582882289693292,1
0.4,0.679039939877442,1
0.45,0.5875454016719573,1
0.5,0.5006400252398988,1
0.55,0.41507633532863836,1
0.6,0.335674259104224,1
0.65,0.2691765293686884,1
0.7,0.2105451404767733,1
0.75,0.16426560956737318,1
0.8,0.12566965985360387,1
0.85,0.09427871277328526,1
0.9,0.06822393964552456,1
0.95,0.04584173826298606,1
1.0,0.016848912945836413,1
0.0,0.9999999999999998,1
0.05,0.9966791705273953,1
0.1,0.9818494146280982,1
0.15,0.9570941092101105,1
0.2,0.925314847835621,1
0.25,0.8874747196429754,1
0.3,0.842658081224741,1
0.35,0.787879408886378,1
0.4,0.7351201329670373,1
0.45,0.6673811108095594,1
0.5,0.5854992566912738,1
0.55,0.49952284550718684,1
0.6,0.41102863545000473,1
0.65,0.33085917255380437,1
0.7,0.26255110572987783,1
0.75,0.2032496112027507,1
0.8,0.15359207045255632,1
0.85,0.11307499926222778,1
0.9,0.07973247924618126,1
0.95,0.04998191957458737,1
1.0,0.007080262724849668,1
0.0,0.9999999999999998,0
0.05,0.9974873813251353,0
0.1,0.9867081101899311,1
0.15,0.9688858970904943,1
0.2,0.9433399258621269,1
0.25,0.9072177700530798,1
0.3,0.8596881169940089,1
0.35,0.7989066037053785,1
0.4,0.7229228150024248,1
0.45,0.6371049127967561,1
0.5,0.5320799993781614,1
0.55,0.44852287602599494,1
0.6,0.37118157070747104,1
0.65,0.2996160016204137,1
0.7,0.23607631638411028,1
0.75,0.17904015960151137,1
0.8,0.13700535267880753,1
0.85,0.10067269859031189,1
0.9,0.07236714070924097,1
0.95,0.04969067285728933,1
1.0,0.014414046642800759,1
0.0,0.9999999999999999,0
0.05,0.9974905211046596,1
0.1,0.9857993856627392,1
0.15,0.9659168049034906,1
0.2,0.9391268980624312,1
0.25,0.9070687056158487,1
0.3,0.86302524055031,1
0.35,0.8124454419910639,1
0.4,0.7448586391179628,1
0.45,0.6736595418658893,1
0.5,0.5973789086621074,1
0.55,0.5105684212419783,1
0.6,0.4235009974834527,1
0.65,0.3416022197973521,1
0.7,0.2720572378556513,1
0.75,0.21312108666646895,1
0.8,0.16139082046781641,1
0.85,0.11906874732733494,1
0.9,0.08296734875823841,1
0.95,0.051604854629248756,1
1.0,0.005955648381510476,1
0.0,0.9999999999999998,0
0.05,0.9977061922261584,0
0.1,0.9896252237705236,1
0.15,0.9741779760332923,1
0.2,0.9498599133407897,1
0.25,0.9160909282165234,1
0.3,0.8711131939876202,1
0.35,0.8121928078940999,1
0.4,0.7437094755234146,1
0.45,0.6620555453239553,1
0.5,0.5745954695575046,1
0.55,0.4908964015313101,1
0.6,0.40866466280591063,1
0.65,0.3313025744646546,1
0.7,0.26313818349062734,1
0.75,0.20340726376189514,1
0.8,0.1535207783750392,1
0.85,0.11320801191159557,1
0.9,0.08003618965794221,1
0.95,0.05149541119102153,1
1.0,0.013995389315431197,1
0.0,1.0,0
0.05,0.9991777265154267,0
0.1,0.9959621200755981,0
0.15,0.9889681626978735,0
0.2,0.9756505918492782,1
0.25,0.9588135544334483,1
0.3,0.9393056992280728,1
0.35,0.9084598614887144,1
0.4,0.8718723286204303,1
0.45,0.8196106439946614,1
0.5,0.7493030286802416,1
0.55,0.6696705902288301,1
0.6,0.578396166032905,1
0.65,0.4839069248908639,1
0.7,0.3926089433974783,1
0.75,0.30884543688897176,1
0.8,0.23663131256516967,1
0.85,0.17540642173307258,1
0.9,0.12264840774013046,1
0.95,0.07717807200558036,1
1.0,0.010417691797576952,1
0.0,0.9999999999999998,0
0.05,0.9964542885556549,0
0.1,0.9842306496860673,1
0.15,0.9622335285107948,1
0.2,0.9296752097419516,1
0.25,0.8869248114170304,1
0.3,0.8300458520197205,1
0.35,0.7619808564626606,1
0.4,0.6828514124793708,1
0.45,0.5959791290233523,1
0.5,0.5067976252986353,1
0.55,0.4205523795092946,1
0.6,0.3416621000319789,1
0.65,0.27260537839540894,1
0.7,0.21436338423776977,1
0.75,0.16629830919662125,1
0.8,0.12716742329990807,1
0.85,0.09545920706187719,1
0.9,0.06953923049319309,1
0.95,0.04755710546823717,1
1.0,0.01860831524411543,1
0.0,1.0,0
0.05,0.9969992861565347,1
0.1,0.9838935113843941,1
0.15,0.9618134320211874,1
0.2,0.93218947196802,1
0.25,0.8957614100761165,1
0.3,0.8505953428701596,1
0.35,0.7965549952238283,1
0.4,0.7311676122104229,1
0.45,0.6540954970791714,1
0.5,0.5684185105327124,1
0.55,0.47993582959516085,1
0.6,0.3945873920899277,1
0.65,0.3159993179273673,1
0.7,0.24884097567616387,1
0.75,0.1925346167292309,1
0.8,0.1459409788470093,1
0.85,0.10772396136803587,1
0.9,0.07625178249471078,1
0.95,0.049215127121338575,1
1.0,0.011181502435543044,1
0.0,1.0,0
0.05,0.9968433011083281,0
0.1,0.9821272892952534,0
0.15,0.956129557197606,1
0.2,0.9273282050324635,1
0.25,0.8845458283789752,1
0.3,0.8209747384540695,1
0.35,0.7704629723762804,1
0.4,0.6884275244917767,1
0.45,0.6107795034170058,1
0.5,0.5217737825457359,1
0.55,0.44211441470077106,1
0.6,0.3751465048494151,1
0.65,0.3004316166410765,1
0.7,0.24663803934083875,1
0.75,0.196108186553972,1
0.8,0.1492766374504476,1
0.85,0.10780787424745518,1
0.9,0.07683751419567049,1
0.95,0.04484931874757205,1
1.0,-0.005327298559348359,1
0.0,0.9999999999999998,0
0.05,0.9990898324220651,0
0.1,0.9943772109086945,0
0.15,0.9856364346248512,1
0.2,0.9737824606823166,1
0.25,0.9579788032787881,1
0.3,0.9346241254369786,1
0.35,0.9054340431890723,1
0.4,0.8632704261141285,1
0.45,0.8111719786283139,1
0.5,0.7464722351440503,1
0.55,0.6682602221927505,1
0.6,0.5795606094594288,1
0.65,0.4855040597749433,1
0.7,0.39288411870128853,1
0.75,0.30874439815592813,1
0.8,0.23495978941296253,1
0.85,0.1725325325248423,1
0.9,0.11978548249911532,1
0.95,0.07074661325922048,1
1.0,0.0014248710711563999,1
0.0,1.0,0
0.05,0.9970473262076545,0
0.1,0.9450009995843696,1
0.15,0.8228479512970511,1
0.2,0.9282200571713853,1
0.25,0.9113416672470213,1
0.3,0.857401255004317,1
0.35,0.784655156977184,1
0.4,0.7008227265027219,1
0.45,0.6149699936064288,1
0.5,0.5203830763941892,1
0.55,0.4280920321610441,1
0.6,0.3426971954276777,1
0.65,0.2659927002299621,1
0.7,0.20978873905082784,1
0.75,0.1605342969592321,1
0.8,0.12221640169900198,1
0.85,0.09309613193697562,1
0.9,0.07151593313317317,1
0.95,0.04672104215992058,1
1.0,0.021870329012849646,1
0.0,0.9999999999999999,0
0.05,0.9987271449095684,0
0.1,0.9932776197403271,0
0.15,0.9829733881412805,1
0.2,0.9676068231264005,1
0.25,0.9462153275503632,1
0.3,0.9174181603938284,1
0.35,0.8830533073472054,1
0.4,0.839203113358858,1
0.45,0.7845430329527332,1
0.5,0.7123604412059109,1
0.55,0.6292761063425583,1
0.6,0.5404519768347364,1
0.65,0.452682337726752,1
0.7,0.3641613033046839,1
0.75,0.2861417930897169,1
0.8,0.21909349390757804,1
0.85,0.16320945962176428,1
0.9,0.11389173989894501,1
0.95,0.07087723830308731,1
1.0,0.008906684004343508,1
0.0,0.9999999999999999,0
0.05,0.9985425801509089,0
0.1,0.9922699937880388,0
0.15,0.9809913088640106,1
0.2,0.9650119431728493,1
0.25,0.9437510239087328,1
0.3,0.9143419025149699,1
0.35,0.8777623445749191,1
0.4,0.8260580870194776,1
0.45,0.768552605320972,1
0.5,0.6979626057262563,1
0.55,0.6147907525085695,1
0.6,0.5250383412119438,1
0.65,0.43374012020980035,1
0.7,0.3485534504612991,1
0.75,0.27275981574275293,1
0.8,0.2073734768892341,1
0.85,0.15281865136218223,1
0.9,0.10719091194773299,1
0.95,0.06734827156336343,1
1.0,0.009922295441142986,1
0.0,1.0,0
0.05,0.9989809178713991,0
0.1,0.9941448577994614,0
0.15,0.9843959683271818,1
0.2,0.9693673758389524,1
0.25,0.9537408583738538,1
0.3,0.9326546124043202,1
0.35,0.9045687507253168,1
0.4,0.873030497482982,1
0.45,0.8303490041923771,1
0.5,0.7719237293287081,1
0.55,0.7000344531547559,1
0.6,0.6154020319597299,1
0.65,0.5226694589219667,1
0.7,0.42671223786362983,1
0.75,0.33617589319645447,1
0.8,0.2581114309889734,1
0.85,0.19213533490282167,1
0.9,0.13531026665146995,1
0.95,0.08230260254826675,1
1.0,0.0037242221644293656,1
0.0,1.0,0
0.05,0.9977849421199468,0
0.1,0.9883019772776683,1
0.15,0.9714535789153264,1
0.2,0.9453166037313773,1
0.25,0.9171925308365275,1
0.3,0.8814087457451443,1
0.35,0.8400827567482342,1
0.4,0.7877156009000987,1
0.45,0.7225218748095529,1
0.5,0.646567216436481,1
0.55,0.5621415716653323,1
0.6,0.4709303971236258,1
0.65,0.38560920597945536,1
0.7,0.3089046145563926,1
0.75,0.2402357276699913,1
0.8,0.1802282744897671,1
0.85,0.13316819332084917,1
0.9,0.0938379219227914,1
0.95,0.058495984384706844,1
1.0,0.00803452644281294,1
0.0,0.9999999999999999,0
0.05,0.9974617116631105,0
0.1,0.9789365358886601,1
0.15,0.9492065769603458,1
0.2,0.9217714767329046,1
0.25,0.8907059866114598,1
0.3,0.8455502183824254,1
0.35,0.7801437633236269,1
0.4,0.7018489867865262,1
0.45,0.6216742123810993,1
0.5,0.5458562004800048,1
0.55,0.4671012730113306,1
0.6,0.39131824262200043,1
0.65,0.31106458692590566,1
0.7,0.24544404742792103,1
0.75,0.1885018540715565,1
0.8,0.13794349571337847,1
0.85,0.10103426112520503,1
0.9,0.07032209232707685,1
0.95,0.04579631526465329,1
1.0,0.004491939030075426,1
0.0,0.9999999999999998,0
0.05,0.9992716762615036,0
0.1,0.9960295715360312,0
0.15,0.9899287689446469,0
0.2,0.9808147258418587,1
0.25,0.9681470821216657,1
0.3,0.9505588578089643,1
0.35,0.926661700086605,1
0.4,0.8935458674871417,1
0.45,0.8466808721344272,1
0.5,0.7861153271791489,1
0.55,0.709892962264406,1
0.6,0.6199659309146213,1
0.65,0.5234339575636198,1
0.7,0.4276716063535888,1
0.75,0.33839896600149166,1
0.8,0.2588099142205775,1
0.85,0.19191025266027087,1
0.9,0.13378832315422903,1
0.95,0.08408359099035934,1
1.0,0.009147956641066437,1
0.0,0.9999999999999999,0
0.05,0.9985251194672851,0
0.1,0.9910183380728013,0
0.15,0.9773582754879971,1
0.2,0.9569285143584987,1
0.25,0.9386132280438928,1
0.3,0.9165026133782768,1
0.35,0.8857033291381596,1
0.4,0.840888056956168,1
0.45,0.7820922262923186,1
0.5,0.7082741108721652,1
0.55,0.6180475553151252,1
0.6,0.5269776943996555,1
0.65,0.43533294089899377,1
0.7,0.3486784432187582,1
0.75,0.2727201481077126,1
0.8,0.20803750347436556,1
0.85,0.1534358189613946,1
0.9,0.107700216421167,1
0.95,0.06800859106284807,1
1.0,0.010951741493526021,1
0.0,0.9999999999999999,1
0.05,0.9933103198125208,1
0.1,0.9645467993569827,1
0.15,0.9079085042484294,1
0.2,0.814497076496775,1
0.25,0.7731268620125854,1
0.3,0.7183290026235001,1
0.35,0.6445316008831343,1
0.4,0.6021901632720813,1
0.45,0.5428989320763393,1
0.5,0.46701266745620973,1
0.55,0.39137560495765894,1
0.6,0.332349930371233,1
0.65,0.27730532543584085,1
0.7,0.22298420160811985,1
0.75,0.16813119098962187,1
0.8,0.12112634776692993,1
0.85,0.08790697517743244,1
0.9,0.060927610959765004,1
0.95,0.02984512616180684,1
1.0,-0.04049729704950801,1
0.0,1.0,0
0.05,0.9993091055631858,0
0.1,0.9957216496237732,0
0.15,0.9890101330654698,0
0.2,0.9801585798819137,1
0.25,0.9679532979414155,1
0.3,0.9527422371052136,1
0.35,0.9315558578835689,1
0.4,0.9018496624039106,1
0.45,0.8620994137977503,1
0.5,0.8079691768484815,1
0.55,0.7369360169154698,1
0.6,0.6528203798494083,1
0.65,0.5579131995757013,1
0.7,0.4601206246014571,1
0.75,0.3638920402904453,1
0.8,0.28091815900580425,1
0.85,0.20872307543519358,1
0.9,0.1463396271470628,1
0.95,0.09064192453557268,1
1.0,0.007818347951176526,1
0.0,1.0,0
0.05,0.9979673620052778,0
0.1,0.9904916599382623,0
0.15,0.9778883338482777,0
0.2,0.9609661043872494,0
0.25,0.9350888620476296,1
0.3,0.8949421116734076,1
0.35,0.8514116670786004,1
0.4,0.7990594347161187,1
0.45,0.7323656296804153,1
0.5,0.6558347858506821,1
0.55,0.5681650289314769,1
0.6,0.47802616139446136,1
0.65,0.3918658219741952,1
0.7,0.3129854818925076,1
0.75,0.2434595085221622,1
0.8,0.18580301428996682,1
0.85,0.13835493428331064,1
0.9,0.09886969785783235,1
0.95,0.06460369349464672,1
1.0,0.01688910802984335,1
0.0,1.0,0
0.05,0.999073149813744,0
0.1,0.9954216798682198,0
0.15,0.9881093624147934,0
0.2,0.9743988213776629,1
0.25,0.9576250323159927,1
0.3,0.9319002933398842,1
0.35,0.9041006190271281,1
0.4,0.8660529426481667,1
0.45,0.8129195357773064,1
0.5,0.7474623411404253,1
0.55,0.6538242058458336,1
0.6,0.5666019889051284,1
0.65,0.47213285844910613,1
0.7,0.3845040493833538,1
0.75,0.3046163099592641,1
0.8,0.23286246677644382,1
0.85,0.17307743998957087,1
0.9,0.11989656085843355,1
0.95,0.07325542111207597,1
1.0,0.004460833208069351,1
0.0,0.9999999999999998,1
0.05,0.9748975143602657,0
0.1,0.9884199129043071,0
0.15,0.9636569344635229,1
0.2,0.7895730025335137,1
0.25,0.6624818664014401,1
0.3,0.7118771506407077,1
0.35,0.6879754361141484,1
0.4,0.5306490467842969,1
0.45,0.4652682222369524,1
0.5,0.3429479603267303,1
0.55,0.3323940623049181,1
0.6,0.2747755341249333,1
0.65,0.19157153760692774,1
0.7,0.13785633017450769,1
0.75,0.08236395546328276,1
0.8,0.03964579825648367,1
0.85,0.040718731348608025,1
0.9,0.015366286314234003,1
0.95,-0.007531063456073033,1
1.0,-0.02317601466119564,1
0.0,1.0,0
0.05,0.9994321995461486,0
0.1,0.9964969072317916,0
0.15,0.99098232094179,0
0.2,0.9829412303362651,0
0.25,0.9680724977541054,1
0.3,0.9486511566573547,1
0.35,0.9170472755932432,1
0.4,0.8791604495332122,1
0.45,0.8108556878338211,1
0.5,0.7351931389494345,1
0.55,0.6569129054607977,1
0.6,0.5690197256426628,1
0.65,0.4798293934844179,1
0.7,0.3931449814857639,1
0.75,0.31378493278843256,1
0.8,0.24025965698686982,1
0.85,0.17628740092600456,1
0.9,0.12005181815409516,1
0.95,0.07174379633853367,1
1.0,-0.0008060213245487071,1
0.0,1.0,0
0.05,0.9986717063537606,0
0.1,0.9921881161128412,0
0.15,0.9808773337170689,1
0.2,0.9665903467669493,1
0.25,0.9477109210216769,1
0.3,0.9221127335747435,1
0.35,0.8876717939065826,1
0.4,0.8425849814767992,1
0.45,0.778380936098119,1
0.5,0.7029221127339542,1
0.55,0.6153546357628878,1
0.6,0.5242697859344572,1
0.65,0.43210251638935987,1
0.7,0.34512148923181374,1
0.75,0.2707360117204129,1
0.8,0.20721968175555208,1
0.85,0.15388506922495862,1
0.9,0.10850549486828631,1
0.95,0.06933603379152184,1
1.0,0.012781355885686765,1
0.0,0.9999999999999999,0
0.05,0.9991073231241936,0
0.1,0.9952719588327553,0
0.15,0.9881099738835996,0
0.2,0.9773895518228995,1
0.25,0.9618314576247148,1
0.3,0.9419313309442341,1
0.35,0.9146486336391608,1
0.4,0.878358232760662,1
0.45,0.82910512781184,1
0.5,0.7645693458613382,1
0.55,0.6829870603451594,1
0.6,0.5892298224734042,1
0.65,0.49277046747775327,1
0.7,0.4001411154125166,1
0.75,0.31434340899937224,1
0.8,0.24015850524903862,1
0.85,0.1781568115047249,1
0.9,0.12421709307025693,1
0.95,0.0785445126622354,1
1.0,0.010281164324053425,1
0.0,1.0,1
0.05,0.9270173536517905,1
0.1,0.9440602394751021,1
0.15,0.8614070901621385,1
0.2,0.6125583124484479,1
0.25,0.4833289167282657,1
0.3,0.629562480966586,1
0.35,0.5342176724184554,1
0.4,0.424281501567646,1
0.45,0.3327082252759155,1
0.5,0.2674857943565353,1
0.55,0.18433273775931058,1
0.6,0.20821129694101118,1
0.65,0.15776266609414244,1
0.7,0.133782579484063,1
0.75,0.07021254588684518,1
0.8,0.04879926493551632,1
0.85,0.03567142885411141,1
0.9,0.027570630332535193,1
0.95,-0.0011275220449856178,1
1.0,-0.05168423812855824,1
0.0,0.9999999999999998,0
0.05,0.9872162492870136,0
0.1,0.9705657457620298,0
0.15,0.922904271378512,1
0.2,0.8061642860244639,1
0.25,0.7507055789825355,1
0.3,0.6783084074958577,1
0.35,0.6245749533854741,1
0.4,0.503551960457372,1
0.45,0.44557491846536695,1
0.5,0.35510166664068543,1
0.55,0.30243656936643515,1
0.6,0.2077639601953602,1
0.65,0.18762938272332808,1
0.7,0.16874527370600914,1
0.75,0.13053950370271486,1
0.8,0.10391222597098354,1
0.85,0.08291129708967616,1
0.9,0.05738395051443844,1
0.95,0.03471581048749275,1
1.0,0.016769025160624423,1
0.0,1.0,0
0.05,0.9990703746339451,0
0.1,0.994364486045058,0
0.15,0.9858098539557465,0
0.2,0.9747378823811729,1
0.25,0.9584451595482574,1
0.3,0.931131646425104,1
0.35,0.8902807947648119,1
0.4,0.843688169854231,1
0.45,0.7762193107134889,1
0.5,0.7058606713953646,1
0.55,0.615731672744562,1
0.6,0.5234467932153634,1
0.65,0.42790815084429407,1
0.7,0.34752550003809535,1
0.75,0.26745079616891154,1
0.8,0.20455393688231358,1
0.85,0.15086253343964728,1
0.9,0.10497259189106974,1
0.95,0.0698764302045989,1
1.0,0.006987719346230047,1
0.0,1.0,1
0.05,0.9951995660243285,0
0.1,0.9709514175553019,0
0.15,0.938685164140388,1
0.2,0.903612026949081,1
0.25,0.8653655580331671,1
0.3,0.8112482098199393,1
0.35,0.7162571072428524,1
0.4,0.6267030643071159,1
0.45,0.44608134272111627,1
0.5,0.32357436313326327,1
0.55,0.22824225728544992,1
0.6,0.2343587855887362,1
0.65,0.15987888367475336,1
0.7,0.11772967948577409,1
0.75,0.0939851639565578,1
0.8,0.07952193934826131,1
0.85,0.06221167267870092,1
0.9,0.04422263577567655,1
0.95,0.029351891790802984,1
1.0,0.004717661525820718,1
0.0,1.0,0
0.05,0.995746759437057,0
0.1,0.9809861321868154,0
0.15,0.958758251953112,1
0.2,0.9293647806859634,1
0.25,0.8853499190522731,1
0.3,0.8134101611530119,1
0.35,0.724594706053816,1
0.4,0.6503838474700474,1
0.45,0.5654584458079803,1
0.5,0.4998108124758153,1
0.55,0.4185625424421058,1
0.6,0.3384805874393721,1
0.65,0.28844038420061013,1
0.7,0.22999504473858362,1
0.75,0.1828723652463053,1
0.8,0.13862930227649334,1
0.85,0.1009215835172318,1
0.9,0.07107561124406324,1
0.95,0.046976939027230796,1
1.0,0.013944726836038285,1
0.0,0.9999999999999998,0
0.05,0.9955020336639318,1
0.1,0.981834440453186,1
0.15,0.9555653058148426,1
0.2,0.9179908736184491,1
0.25,0.8783079129265995,1
0.3,0.7980188542501786,1
0.35,0.7043543946866966,1
0.4,0.581665289005928,1
0.45,0.5214300493496422,1
0.5,0.4284502059128234,1
0.55,0.3671033041674819,1
0.6,0.30469071800746267,1
0.65,0.23930133682747579,1
0.7,0.19244253849518922,1
0.75,0.15040701076953641,1
0.8,0.11408565680881991,1
0.85,0.08761366560175331,1
0.9,0.063611452018163,1
0.95,0.04544126064309749,1
1.0,0.022695092917574905,1
0.0,0.9999999999999998,0
0.05,0.9992851239623081,0
0.1,0.9962298027711803,0
0.15,0.9898190875718784,0
0.2,0.9767521141589297,1
0.25,0.9589685727208025,1
0.3,0.9438279336956311,1
0.35,0.9194111340345079,1
0.4,0.8867137504774173,1
0.45,0.8402664671190617,1
0.5,0.7799364488307922,1
0.55,0.7063085877826923,1
0.6,0.6242002979224099,1
0.65,0.529310357674692,1
0.7,0.4386105169640897,1
0.75,0.3460430337534078,1
0.8,0.26861736309069456,1
0.85,0.19971805443547844,1
0.9,0.13986571407058856,1
0.95,0.08583116122540724,1
1.0,0.006464727227745468,1
0.0,0.9999999999999999,0
0.05,0.9984139463937988,0
0.1,0.9910919667729596,0
0.15,0.9774806960390705,1
0.2,0.9579256573987486,1
0.25,0.9294681553530438,1
0.3,0.8868846830678047,1
0.35,0.8425343952349142,1
0.4,0.7895996668303037,1
0.45,0.7237105999973975,1
0.5,0.6466363551203971,1
0.55,0.5610828159528507,1
0.6,0.4709296501342047,1
0.65,0.38470140951373305,1
0.7,0.30831480608455,1
0.75,0.24045878425006564,1
0.8,0.18183510876823006,1
0.85,0.13418173882640996,1
0.9,0.09375670511424214,1
0.95,0.059057135241970586,1
1.0,0.006975263396257374,1
0.0,1.0,0
0.05,0.9985204922881499,0
0.1,0.9920408323235506,1
0.15,0.9797223472354538,1
0.2,0.9607393201058079,1
0.25,0.9336340168260218,1
0.3,0.894623948838826,1
0.35,0.837460428029841,1
0.4,0.7737292777613836,1
0.45,0.6871466273607848,1
0.5,0.5994104594366704,1
0.55,0.5115906156264682,1
0.6,0.4255979391749276,1
0.65,0.33921587468864045,1
0.7,0.2655524427785617,1
0.75,0.2051171435202781,1
0.8,0.15558415192620295,1
0.85,0.11570308298016735,1
0.9,0.07999613829934511,1
0.95,0.05123997540520435,1
1.0,0.008545478577129652,1
0.0,1.0,1
0.05,0.9959373412142054,0
0.1,0.9705191730156011,1
0.15,0.9280596836800776,1
0.2,0.8852819487657018,1
0.25,0.8580254775003956,1
0.3,0.8022723694495784,1
0.35,0.7216576963440842,1
0.4,0.660850612826088,1
0.45,0.5842662175579538,1
0.5,0.49561651667506645,1
0.55,0.40922904960799494,1
0.6,0.32613418110540215,1
0.65,0.25126181431455047,1
0.7,0.18870907291455874,1
0.75,0.13103012498662214,1
0.8,0.07951813705738482,1
0.85,0.06015523729781932,1
0.9,0.04560141036053592,1
0.95,0.028377887022859895,1
1.0,0.00891991266711634,1
0.0,1.0,1
0.05,0.99744873789064,0
0.1,0.989509950433638,0
0.15,0.9742254030025519,1
0.2,0.9457896580767619,1
0.25,0.9050304966987347,1
0.3,0.8415716970468379,1
0.35,0.755529820341237,1
0.4,0.5947505619425354,1
0.45,0.3990880067869769,1
0.5,0.37537084382990604,1
0.55,0.33632610042642247,1
0.6,0.25070056560657605,1
0.65,0.21421204045885342,1
0.7,0.1751099224647267,1
0.75,0.13379085339747102,1
0.8,0.10800590362281609,1
0.85,0.08762518630413037,1
0.9,0.06513492853638925,1
0.95,0.036182611110163236,1
1.0,-0.004180707535579504,1
0.0,1.0,0
0.05,0.9981247175006479,0
0.1,0.990577232764661,0
0.15,0.9782429739723372,0
0.2,0.9619586425538587,0
0.25,0.9361715084230595,1
0.3,0.9002008670342319,1
0.35,0.8190060281482253,1
0.4,0.753401314082609,1
0.45,0.6471484348304898,1
0.5,0.5279298340899604,1
0.55,0.4531058369444369,1
0.6,0.39466535044931733,1
0.65,0.3227581075637721,1
0.7,0.25589638752774196,1
0.75,0.20865299860863695,1
0.8,0.1551248785657409,1
0.85,0.11241647232648287,1
0.9,0.0778518860516058,1
0.95,0.04465040061232305,1
1.0,0.004706832072605782,1
0.0,1.0,1
0.05,0.9948453845942228,0
0.1,0.9793127527751552,1
0.15,0.9523590052741696,1
0.2,0.9099989188123038,1
0.25,0.8588492012538712,1
0.3,0.799926443187347,1
0.35,0.7146933607800108,1
0.4,0.6194515574843863,1
0.45,0.5314639691374186,1
0.5,0.44296454730739854,1
0.55,0.36190169563850183,1
0.6,0.2906532967794434,1
0.65,0.23051132887745032,1
0.7,0.18247258920985512,1
0.75,0.1445592156024643,1
0.8,0.11345088477663659,1
0.85,0.08818704627859913,1
0.9,0.06887839259128742,1
0.95,0.052892811751050095,1
1.0,0.034897978539665565,1
0.0,0.9999999999999998,0
0.05,0.9973471230422292,0
0.1,0.9862971322265737,1
0.15,0.9662411266537103,1
0.2,0.9351658093030832,1
0.25,0.89277315835386,1
0.3,0.8436910533447777,1
0.35,0.783026578182526,1
0.4,0.7080280951016527,1
0.45,0.6351004589518782,1
0.5,0.562515806338819,1
0.55,0.4861439446651877,1
0.6,0.4071027003582077,1
0.65,0.33203722608440545,1
0.7,0.26236446887207016,1
0.75,0.20432647171676455,1
0.8,0.15741904458873496,1
0.85,0.11648309277758151,1
0.9,0.08234043893707818,1
0.95,0.051682869390128255,1
1.0,0.006567034170339503,1
0.0,1.0,0
0.05,0.997327425972019,0
0.1,0.9871992463054539,1
0.15,0.9691434334217603,1
0.2,0.9426307750143432,1
0.25,0.9066715660811904,1
0.3,0.8622320204547511,1
0.35,0.8077344946445835,1
0.4,0.7481454035715129,1
0.45,0.6803497552693796,1
0.5,0.5996912506771448,1
0.55,0.5125198791523163,1
0.6,0.42528928448696507,1
0.65,0.34297632187788785,1
0.7,0.2738771917043861,1
0.75,0.21362279381077054,1
0.8,0.16139847382866188,1
0.85,0.11884083404852148,1
0.9,0.08330463859406002,1
0.95,0.052550157555569674,1
1.0,0.00835707386971218,1
0.0,1.0,0
0.05,0.996072655918495,0
0.1,0.9845621623099162,0
0.15,0.9620569730702886,1
0.2,0.9191652895110219,1
0.25,0.8614201735496165,1
0.3,0.8104940456523863,1
0.35,0.7759320780250758,1
0.4,0.7362411722936955,1
0.45,0.6911978299682636,1
0.5,0.6196998607525286,1
0.55,0.5401034699693698,1
0.6,0.46593200844049315,1
0.65,0.3910785304843793,1
0.7,0.3126415220187803,1
0.75,0.2434571315433803,1
0.8,0.18537253064689313,1
0.85,0.13740477730718123,1
0.9,0.09833666561815314,1
0.95,0.06123727540064676,1
1.0,0.011503974766664222,1
0.0,1.0,0
0.05,0.9983731175225863,0
0.1,0.9917232867720341,0
0.15,0.9791989145375731,1
0.2,0.9601907060941732,1
0.25,0.9338951910866351,1
0.3,0.8973623200634843,1
0.35,0.8500469455393156,1
0.4,0.7905757561709884,1
0.45,0.7179376345669723,1
0.5,0.6400645194437831,1
0.55,0.5542983093920558,1
0.6,0.46574430983454784,1
0.65,0.37925124081969425,1
0.7,0.3028323203905567,1
0.75,0.2333330498982897,1
0.8,0.17756360242972827,1
0.85,0.1311389826796369,1
0.9,0.09076033141635997,1
0.95,0.0572056130310826,1
1.0,0.008877736818188467,1
0.0,1.0,0
0.05,0.9986065426212379,0
0.1,0.992620924034789,1
0.15,0.9815817174248482,1
0.2,0.9654462037821426,1
0.25,0.9439792684235558,1
0.3,0.9153319394014718,1
0.35,0.878155455792874,1
0.4,0.8305222781788656,1
0.45,0.770019313626058,1
0.5,0.6962848603277111,1
0.55,0.6099567503742579,1
0.6,0.5160162082623214,1
0.65,0.42293719756214126,1
0.7,0.33870430180312483,1
0.75,0.2641404976487018,1
0.8,0.20071894088280662,1
0.85,0.14795786537225603,1
0.9,0.1039384713937434,1
0.95,0.06550125166784292,1
1.0,0.00990503136636534,1
0.0,1.0,0
0.05,0.9908895202334461,0
0.1,0.9289291035085856,1
0.15,0.8406853131663121,1
0.2,0.7516025253178704,1
0.25,0.6478158218733607,1
0.3,0.6117448294923487,1
0.35,0.6627776534499381,1
0.4,0.626521984257732,1
0.45,0.593527247931048,1
0.5,0.529975255037227,1
0.55,0.466221069270869,1
0.6,0.39235030065221077,1
0.65,0.3206828266300047,1
0.7,0.2526664532656795,1
0.75,0.19518718283350664,1
0.8,0.1473917687948512,1
0.85,0.11013710108992576,1
0.9,0.06682037022352266,1
0.95,0.04845032017295123,1
1.0,0.011510177537272497,1
0.0,1.0,0
0.05,0.9992673781623009,0
0.1,0.9955558779338327,0
0.15,0.9884697607368104,0
0.2,0.9788759162814555,1
0.25,0.9655119398278657,1
0.3,0.945227120537312,1
0.35,0.9231098172214183,1
0.4,0.8929249090456212,1
0.45,0.8515978099361684,1
0.5,0.7965374684072428,1
0.55,0.7253414768975663,1
0.6,0.6383825545041046,1
0.65,0.5416428094005536,1
0.7,0.44759086114502594,1
0.75,0.3561221730618378,1
0.8,0.27286472627975217,1
0.85,0.20171695452541547,1
0.9,0.14029303721985173,1
0.95,0.08556711375641929,1
1.0,0.005313166634086307,1
0.0,1.0,0
0.05,0.9974934206491205,0
0.1,0.9831726238966564,0
0.15,0.9602398548571943,0
0.2,0.934801681349975,1
0.25,0.9062208279314707,1
0.3,0.8693442656923305,1
0.35,0.8150780906216114,1
0.4,0.7618252394373737,1
0.45,0.700415927598082,1
0.5,0.6270733840318494,1
0.55,0.5457001211085569,1
0.6,0.4604569833404498,1
0.65,0.37214986704761566,1
0.7,0.2983615309363787,1
0.75,0.22938411500803385,1
0.8,0.1738260846730157,1
0.85,0.12635033148407232,1
0.9,0.08856329855068236,1
0.95,0.05275732056711535,1
1.0,0.00228325021412751,1
0.0,1.0,0
0.05,0.9966408527192483,0
0.1,0.9839986628468894,1
0.15,0.9616606991584983,1
0.2,0.9291482275096381,1
0.25,0.8859615865240777,1
0.3,0.8321178692535937,1
0.35,0.7664994440400733,1
0.4,0.6810535978423944,1
0.45,0.5959357489745449,1
0.5,0.5084643810873383,1
0.55,0.4228546028915717,1
0.6,0.34447042212512013,1
0.65,0.2753978684372284,1
0.7,0.21699389428631374,1
0.75,0.1682659805096137,1
0.8,0.12837961352445218,1
0.85,0.09587696034005114,1
0.9,0.0691877325873348,1
0.95,0.04634055974285705,1
1.0,0.015530773513488999,1
0.0,0.9999999999999999,0
0.05,0.9895222999957688,0
0.1,0.9783858726910024,0
0.15,0.9458601471959441,1
0.2,0.8534898474603841,1
0.25,0.7993080945272621,1
0.3,0.767313228154674,1
0.35,0.6908821909825469,1
0.4,0.6006975417795396,1
0.45,0.5268201343320553,1
0.5,0.44803504289199325,1
0.55,0.3637174288635859,1
0.6,0.3063346428860178,1
0.65,0.2537897185914777,1
0.7,0.20612517684509496,1
0.75,0.16088406227162433,1
0.8,0.10776522590542287,1
0.85,0.07850282296648811,1
0.9,0.055443375737015535,1
0.95,0.0325858186627229,1
1.0,0.00030975314083477994,1
0.0,0.9999999999999998,0
0.05,0.9990912663828001,0
0.1,0.9942241476147501,0
0.15,0.985062775097251,0
0.2,0.9729281973455939,1
0.25,0.9564955128597741,1
0.3,0.933121157314796,1
0.35,0.9047798989766094,1
0.4,0.8708806229599827,1
0.45,0.8210899757881217,1
0.5,0.7586135914231413,1
0.55,0.6783106166567923,1
0.6,0.5909453414936647,1
0.65,0.49771925897653796,1
0.7,0.40814758156560665,1
0.75,0.3245876671554171,1
0.8,0.24944462817485583,1
0.85,0.1846826177186185,1
0.9,0.12897378140842744,1
0.95,0.0803661611868192,1
1.0,0.008752522398225855,1
0.0,1.0,1
0.05,0.9828169055768974,1
0.1,0.9497438057508795,1
0.15,0.8791902542023422,1
0.2,0.7120926039593031,1
0.25,0.6854671973488852,1
0.3,0.6307266290499491,1
0.35,0.6289694342454704,1
0.4,0.6280514605623589,1
0.45,0.573560983587481,1
0.5,0.48941165095632244,1
0.55,0.39053526635309066,1
0.6,0.3291780709897761,1
0.65,0.25801844810102115,1
0.7,0.19665074981906544,1
0.75,0.14532623497484962,1
0.8,0.10769841414718087,1
0.85,0.08549546117567207,1
0.9,0.05862028753756015,1
0.95,0.027706404142641954,1
1.0,-0.015778309919472457,1
0.0,1.0,0
0.05,0.9990487100227028,0
0.1,0.9939813986524808,1
0.15,0.9845693370473203,1
0.2,0.9719157688947253,1
0.25,0.9552439408782406,1
0.3,0.9316820962263417,1
0.35,0.8979118386780776,1
0.4,0.8544202338980308,1
0.45,0.7902175597792319,1
0.5,0.7097597216439301,1
0.55,0.6258160668272023,1
0.6,0.5371662857464887,1
0.65,0.44293124214991136,1
0.7,0.35260973740740115,1
0.75,0.27558725293467695,1
0.8,0.2090320267849388,1
0.85,0.15301009277090197,1
0.9,0.10722695148070988,1
0.95,0.06692690827489327,1
1.0,0.004251090700872053,1
0.0,1.0,0
0.05,0.9973736593601494,0
0.1,0.9850431119426266,0
0.15,0.9657922557837618,0
0.2,0.9456767361164821,0
0.25,0.9175578834303801,1
0.3,0.8815104062722723,1
0.35,0.810894375793057,1
0.4,0.7496853783556687,1
0.45,0.6859114334630974,1
0.5,0.6144105113581099,1
0.55,0.5374637521315172,1
0.6,0.4556660732529646,1
0.65,0.3750495458809802,1
0.7,0.29912251230569425,1
0.75,0.2332209583399092,1
0.8,0.1771476479606416,1
0.85,0.1309229650115319,1
0.9,0.09238625440614427,1
0.95,0.059090869052378196,1
1.0,0.013278746455455692,1
0.0,1.0,0
0.05,0.997664287625662,0
0.1,0.9893665677659623,0
0.15,0.9735698859418214,1
0.2,0.9495383200271695,1
0.25,0.9131873342559854,1
0.3,0.8689746526382558,1
0.35,0.8114332346706741,1
0.4,0.731326778450862,1
0.45,0.6445380795578879,1
0.5,0.545013061207123,1
0.55,0.4438050998529115,1
0.6,0.3561908139160722,1
0.65,0.2850521301387755,1
0.7,0.22294635510613808,1
0.75,0.17407098591874823,1
0.8,0.13533254733226655,1
0.85,0.09955150956598652,1
0.9,0.06980501150345901,1
0.95,0.04485369502458524,1
1.0,0.00820657814228892,1
0.0,1.0,0
0.05,0.9990007402790656,0
0.1,0.9942463214298409,0
0.15,0.9858815219736252,1
0.2,0.9747223829219354,1
0.25,0.9601952371535559,1
0.3,0.9409368497323647,1
0.35,0.9162394518428995,1
0.4,0.879962207712561,1
0.45,0.8348108601025335,1
0.5,0.7764721915860404,1
0.55,0.6971681131945239,1
0.6,0.6095037536373498,1
0.65,0.5143489873275473,1
0.7,0.4193181807474543,1
0.75,0.33139184772800345,1
0.8,0.25451464122369455,1
0.85,0.1878779795893234,1
0.9,0.13177762213364685,1
0.95,0.0816179609816835,1
1.0,0.008425431738064959,1
0.0,0.9999999999999998,0
0.05,0.998930712056142,0
0.1,0.994740744761943,0
0.15,0.9861850306341101,1
0.2,0.971046385654071,1
0.25,0.9489098824156067,1
0.3,0.9192631595849989,1
0.35,0.8802593412047954,1
0.4,0.8282306038552162,1
0.45,0.7611271566971508,1
0.5,0.6792772038430342,1
0.55,0.5886614071831178,1
0.6,0.496428485502648,1
0.65,0.4061867925761032,1
0.7,0.3249917744959544,1
0.75,0.2526475365188399,1
0.8,0.19292783772623764,1
0.85,0.1427903806225164,1
0.9,0.10087491736924371,1
0.95,0.06462224028867863,1
1.0,0.011295470380750796,1
0.0,1.0,0
0.05,0.9988748833795456,0
0.1,0.9939228734035838,1
0.15,0.9844352704644219,1
0.2,0.970051191140392,1
0.25,0.9502926476593198,1
0.3,0.9239652624337911,1
0.35,0.8891559915341587,1
0.4,0.8434702346801375,1
0.45,0.7844484064256757,1
0.5,0.7108016215395883,1
0.55,0.6220033949402629,1
0.6,0.5217692348588727,1
0.65,0.4302369486859567,1
0.7,0.3446805764350701,1
0.75,0.2685093546670392,1
0.8,0.20441225703272375,1
0.85,0.15054316533394224,1
0.9,0.10524221004268675,1
0.95,0.06571523758644024,1
1.0,0.008615928517063274,1
0.0,0.9999999999999999,1
0.05,0.9923930784591913,1
0.1,0.9558274918738675,1
0.15,0.9263556270419011,1
0.2,0.8762131515255288,1
0.25,0.8347178562063253,1
0.3,0.7905674506295186,1
0.35,0.7089266605138798,1
0.4,0.6233147790241492,1
0.45,0.538250274028045,1
0.5,0.45723818723516946,1
0.55,0.3833235955589731,1
0.6,0.31753393541621294,1
0.65,0.26031179728626186,1
0.7,0.20742081924570085,1
0.75,0.16852715646889424,1
0.8,0.13146243215248832,1
0.85,0.1044763694521865,1
0.9,0.07311736218226972,1
0.95,0.046609921928784576,1
1.0,0.02202143940026459,1
0.0,1.0,1
0.05,0.9949913675918006,0
0.1,0.9856226987791418,0
0.15,0.9654086368134599,1
0.2,0.9281235832364635,1
0.25,0.8619348803575048,1
0.3,0.7293456889727474,1
0.35,0.540232854677609,1
0.4,0.3638820658750643,1
0.45,0.25901809858604335,1
0.5,0.23038765235107117,1
0.55,0.1251954801408998,1
0.6,0.18757043100847473,1
0.65,0.1313579269252368,1
0.7,0.08145624909967286,1
0.75,0.05988909528442859,1
0.8,0.058455426602574745,1
0.85,0.044421563350768994,1
0.9,0.028637178031364046,1
0.95,0.0185275948379926,1
1.0,-0.02123344744727428,1
0.0,0.9999999999999999,0
0.05,0.998946194817607,0
0.1,0.9948145782093077,0
0.15,0.9870662480479679,1
0.2,0.9745419147575388,1
0.25,0.957634339313548,1
0.3,0.9344524195272969,1
0.35,0.9034416079005566,1
0.4,0.8594375283224642,1
0.45,0.794704260286946,1
0.5,0.7243973256505368,1
0.55,0.6440586172584158,1
0.6,0.5545578799610279,1
0.65,0.4610184695912012,1
0.7,0.3730344604724818,1
0.75,0.29293355416270295,1
0.8,0.2237262580427971,1
0.85,0.1652347597614672,1
0.9,0.11645494300306218,1
0.95,0.07398576365004265,1
1.0,0.013333581764445808,1
0.0,0.9999999999999999,1
0.05,0.9963837769436041,0
0.1,0.9780138160488736,1
0.15,0.9481531873421651,1
0.2,0.91373599922095,1
0.25,0.8656862563399916,1
0.3,0.7926563057184601,1
0.35,0.7065247434632508,1
0.4,0.6113549407219413,1
0.45,0.5085947993717579,1
0.5,0.4364431184379706,1
0.55,0.35375460433541883,1
0.6,0.2967931945507078,1
0.65,0.23776544562280033,1
0.7,0.19072763789307035,1
0.75,0.1427111482234513,1
0.8,0.10648162633979717,1
0.85,0.07940610372967208,1
0.9,0.05538368604017615,1
0.95,0.037643915329889435,1
1.0,0.005011205587149885,1
0.0,1.0,0
0.05,0.9451478313308117,1
0.1,0.9685250535463376,1
0.15,0.9391869934567099,1
0.2,0.7817144731103486,1
0.25,0.4315130194718114,1
0.3,0.5838860062132236,1
0.35,0.5057422631966495,1
0.4,0.4523908253017266,1
0.45,0.3002605085383053,1
0.5,0.2556643468492641,1
0.55,0.21222983119644295,1
0.6,0.23727490992891892,1
0.65,0.19681285205451896,1
0.7,0.16188559347830858,1
0.75,0.09532377354590202,1
0.8,0.07118952767294966,1
0.85,0.06459607883358458,1
0.9,0.043422339451334044,1
0.95,0.025370729235878384,1
1.0,0.008832572268103644,1
0.0,1.0,0
0.05,0.998453405577172,0
0.1,0.9910175775167718,0
0.15,0.9765295085909134,1
0.2,0.9575688497946278,1
0.25,0.9303023831714363,1
0.3,0.9010711144889074,1
0.35,0.8611614746921274,1
0.4,0.8071023864522853,1
0.45,0.7372516448749404,1
0.5,0.6681029245161872,1
0.55,0.5910791389634954,1
0.6,0.5051116524819532,1
0.65,0.4184622421766355,1
0.7,0.34032308288896806,1
0.75,0.26688525743307695,1
0.8,0.20568960036970738,1
0.85,0.15262483980012767,1
0.9,0.10747697844204435,1
0.95,0.0668623959614344,1
1.0,0.005175390436742544,1
0.0,1.0,0
0.05,0.9987678236490123,0
0.1,0.9926311886126862,0
0.15,0.9808344573237019,1
0.2,0.9637907014908845,1
0.25,0.943229384178689,1
0.3,0.9172427233380999,1
0.35,0.8818420469448071,1
0.4,0.8388875185346213,1
0.45,0.784587923536824,1
0.5,0.7154737913826326,1
0.55,0.6345701006060761,1
0.6,0.5395217023063996,1
0.65,0.4496099871336489,1
0.7,0.36437072924162034,1
0.75,0.2867155565693892,1
0.8,0.21923304565258253,1
0.85,0.16272652698192652,1
0.9,0.11427294075015884,1
0.95,0.07152891523917283,1
1.0,0.010122547289766519,1
0.0,0.9999999999999998,0
0.05,0.9951867263667258,0
0.1,0.9686289626971438,1
0.15,0.9342314251350372,1
0.2,0.8960968417018836,1
0.25,0.8561819618041283,1
0.3,0.793461638154688,1
0.35,0.7243691392096023,1
0.4,0.6450056080272724,1
0.45,0.576929274386794,1
0.5,0.5081023271219464,1
0.55,0.4255744162304918,1
0.6,0.3476352809653568,1
0.65,0.2740544326179709,1
0.7,0.21523083666778112,1
0.75,0.16826977402364765,1
0.8,0.1274175182565744,1
0.85,0.09436889321092573,1
0.9,0.06759437651532409,1
0.95,0.04403471044625535,1
1.0,0.013497010084946857,1
0.0,1.0,0
0.05,0.9960776462612198,0
0.1,0.9609635424197415,1
0.15,0.9114427462343501,1
0.2,0.8898576267132463,1
0.25,0.8691572921962192,1
0.3,0.8399229367826625,1
0.35,0.7969533216172577,1
0.4,0.7456014864309289,1
0.45,0.6815789126302446,1
0.5,0.6056531650873818,1
0.55,0.5280776263886895,1
0.6,0.4409891739258067,1
0.65,0.3547691365187996,1
0.7,0.28220848303389295,1
0.75,0.2120882156237781,1
0.8,0.16313455074667838,1
0.85,0.12151730352488567,1
0.9,0.08562315569972377,1
0.95,0.05254867070802622,1
1.0,0.0026879073255691656,1
0.0,1.0,0
0.05,0.9951025159064024,0
0.1,0.9764233479240474,1
0.15,0.9453721856331085,1
0.2,0.9058788420790326,1
0.25,0.8584709229440566,1
0.3,0.8002588450728169,1
0.35,0.7459571934871876,1
0.4,0.6894815617684832,1
0.45,0.6239741240941112,1
0.5,0.5562353907127114,1
0.55,0.4766422293698051,1
0.6,0.3973280947263749,1
0.65,0.32854925592485607,1
0.7,0.2632048444062886,1
0.75,0.20534205929738913,1
0.8,0.1560479739706962,1
0.85,0.11499968012204065,1
0.9,0.08101643063950605,1
0.95,0.05083850637261526,1
1.0,0.00699876995687395,1
0.0,1.0,0
0.05,0.9830450130164838,0
0.1,0.9452898025221871,1
0.15,0.9046286147631314,1
0.2,0.7889506973927549,1
0.25,0.6206706533953468,1
0.3,0.5022906788438656,1
0.35,0.49922592492901263,1
0.4,0.5241855039832167,1
0.45,0.5406620975270799,1
0.5,0.4901623540901855,1
0.55,0.4203470617567511,1
0.6,0.35115130822535773,1
0.65,0.28076818167486145,1
0.7,0.23214795136114463,1
0.75,0.18190977356421867,1
0.8,0.13960403625902784,1
0.85,0.09973362128148865,1
0.9,0.0667504877338268,1
0.95,0.03965587046321259,1
1.0,-0.0008688833056745535,1
0.0,1.0,0
0.05,0.995333077410327,0
0.1,0.9831178911291251,0
0.15,0.9613999015006648,0
0.2,0.9241587530774592,1
0.25,0.870961811554329,1
0.3,0.8310229194432549,1
0.35,0.7796306755349114,1
0.4,0.7131043116184497,1
0.45,0.6312736980964134,1
0.5,0.5298756473095947,1
0.55,0.43527178003822786,1
0.6,0.35745620895842517,1
0.65,0.28402778719639027,1
0.7,0.22773797371436302,1
0.75,0.17769278590505103,1
0.8,0.13352188162748907,1
0.85,0.09944616527307014,1
0.9,0.07293249550708591,1
0.95,0.04675711451740873,1
1.0,0.009722234520407061,1
0.0,0.9999999999999999,0
0.05,0.9972167524554765,1
0.1,0.987545230206001,1
0.15,0.9695615399658649,1
0.2,0.9408612352692403,1
0.25,0.8985115797510674,1
0.3,0.8517927644236536,1
0.35,0.7980966497686541,1
0.4,0.7312828864883332,1
0.45,0.6501816797401827,1
0.5,0.5702182976570068,1
0.55,0.4842398962693493,1
0.6,0.39302880241934346,1
0.65,0.31587213951860005,1
0.7,0.2476028395236357,1
0.75,0.19020655453561658,1
0.8,0.14449301756538255,1
0.85,0.10663225230740711,1
0.9,0.07532168900665442,1
0.95,0.04755777411674617,1
1.0,0.008544997166369046,1
0.0,1.0,0
0.05,0.9976351926907667,0
0.1,0.9847711100292865,0
0.15,0.9616193565366806,1
0.2,0.9356759832219425,1
0.25,0.9020030433055133,1
0.3,0.8478524614467622,1
0.35,0.7820671018980057,1
0.4,0.6993873115786282,1
0.45,0.6181460643799275,1
0.5,0.5379165463058566,1
0.55,0.4375046812685066,1
0.6,0.34989808384023086,1
0.65,0.272514491724355,1
0.7,0.22399930099612736,1
0.75,0.1704965970801153,1
0.8,0.12964791250791327,1
0.85,0.0934037011440872,1
0.9,0.06534725490002445,1
0.95,0.0399988210308631,1
1.0,-0.00196396674015449,1
0.0,1.0,0
0.05,0.9953204480579648,0
0.1,0.9789523111466056,0
0.15,0.9529258483384635,0
0.2,0.9198154598560325,1
0.25,0.8784321116446384,1
0.3,0.8234523763928855,1
0.35,0.7647867313989234,1
0.4,0.70470273578491,1
0.45,0.6306082520396776,1
0.5,0.5501179445698212,1
0.55,0.46283683701205863,1
0.6,0.3803247432404477,1
0.65,0.3051685390061706,1
0.7,0.24014748034222258,1
0.75,0.18603097061286064,1
0.8,0.14060821794222922,1
0.85,0.10405105857705389,1
0.9,0.07385274422557454,1
0.95,0.047660735252249904,1
1.0,0.011739672147024075,1
0.0,1.0,0
0.05,0.9988646412325354,0
0.1,0.9939074771980384,0
0.15,0.9837469218155821,0
0.2,0.9694342367504126,1
0.25,0.9493882569724691,1
0.3,0.9306386453560912,1
0.35,0.9053297517913239,1
0.4,0.8729844813233459,1
0.45,0.8231499859447236,1
0.5,0.7676796605522094,1
0.55,0.7012751475638185,1
0.6,0.6188759574627961,1
0.65,0.5299812084344859,1
0.7,0.44087523599857004,1
0.75,0.3523637710895002,1
0.8,0.27221639328793645,1
0.85,0.20120715444149576,1
0.9,0.14163866294589894,1
0.95,0.08657885315481695,1
1.0,0.003686300240928114,1
0.0,1.0,0
0.05,0.9957640051977816,0
0.1,0.984091871128434,0
0.15,0.9607833750617409,1
0.2,0.9228064239028366,1
0.25,0.8787424866534369,1
0.3,0.8323669389453884,1
0.35,0.774761990690401,1
0.4,0.6890706204744665,1
0.45,0.5952623692738763,1
0.5,0.4986806866750211,1
0.55,0.4064440841184814,1
0.6,0.3244251360286146,1
0.65,0.2553752355642682,1
0.7,0.19912594367025363,1
0.75,0.15402622446592457,1
0.8,0.11807717038862836,1
0.85,0.08981913639163203,1
0.9,0.0668727149463933,1
0.95,0.048463599914444086,1
1.0,0.02755576417190925,1
0.0,1.0,0
0.05,0.9979740440857162,0
0.1,0.9862493279945738,0
0.15,0.9676081760408995,0
0.2,0.9480660747918846,1
0.25,0.928313977396392,1
0.3,0.9025262638771686,1
0.35,0.8605883272980293,1
0.4,0.8199953437703696,1
0.45,0.7747288308994552,1
0.5,0.7156911304157311,1
0.55,0.6422907780742552,1
0.6,0.5580707554631765,1
0.65,0.46394584769698144,1
0.7,0.37241734177968916,1
0.75,0.2919720530306837,1
0.8,0.22327523394073198,1
0.85,0.16442739782644575,1
0.9,0.11402360950549158,1
0.95,0.069519257284704,1
1.0,0.00375031725936912,1
0.0,1.0,0
0.05,0.9980409884527843,0
0.1,0.9856867190507401,0
0.15,0.9658292729403033,1
0.2,0.9456879257920142,1
0.25,0.9216700367825962,1
0.3,0.8834460373151619,1
0.35,0.8417223835160147,1
0.4,0.7687729565761008,1
0.45,0.6958211693691894,1
0.5,0.6122654308571519,1
0.55,0.5226802347499333,1
0.6,0.43031634242740774,1
0.65,0.34703031852309923,1
0.7,0.27745446950303027,1
0.75,0.21594737861223975,1
0.8,0.1636765990413773,1
0.85,0.1212841645917291,1
0.9,0.08635556432286928,1
0.95,0.05563130671726529,1
1.0,0.012328092859405594,1
0.0,0.9999999999999999,0
0.05,0.9977670777933766,0
0.1,0.9906787722991338,0
0.15,0.9764644832584971,0
0.2,0.9486351688727203,1
0.25,0.9110872132945881,1
0.3,0.8557007376044781,1
0.35,0.7516281432027127,1
0.4,0.6670335845938355,1
0.45,0.6041667503937501,1
0.5,0.5178767561164909,1
0.55,0.4386105732694069,1
0.6,0.37343718153359495,1
0.65,0.31412691303776435,1
0.7,0.2556093408236361,1
0.75,0.19727460719142523,1
0.8,0.14489991861537255,1
0.85,0.10492944951876645,1
0.9,0.07184999935182362,1
0.95,0.04105505649486084,1
1.0,0.01024914950829628,1
0.0,1.0,0
0.05,0.9970288877609593,0
0.1,0.9846116359644945,0
0.15,0.960955428207009,1
0.2,0.9224184999697309,1
0.25,0.8941765355175457,1
0.3,0.8616624124553023,1
0.35,0.8359253675399226,1
0.4,0.7879669279877614,1
0.45,0.7212098578787428,1
0.5,0.6397554697530904,1
0.55,0.5548332561567777,1
0.6,0.4657575948796908,1
0.65,0.38007591189576045,1
0.7,0.3004555221052433,1
0.75,0.23466929134622355,1
0.8,0.1786915622281158,1
0.85,0.13204704707372458,1
0.9,0.09373462073092105,1
0.95,0.059500853796454575,1
1.0,0.009719071379598043,1
0.0,1.0,0
0.05,0.9984892294994803,0
0.1,0.9941234257645855,0
0.15,0.9846759788459136,1
0.2,0.9640477911190263,1
0.25,0.9391250976139293,1
0.3,0.9070230916312927,1
0.35,0.8657317721899342,1
0.4,0.8128304065413989,1
0.45,0.7477176247317413,1
0.5,0.6700555704631341,1
0.55,0.5827813990578209,1
0.6,0.4912738149164981,1
0.65,0.4019101586191097,1
0.7,0.3205172418743818,1
0.75,0.24990251782101522,1
0.8,0.18992345063921443,1
0.85,0.1398325619718392,1
0.9,0.09676750664956359,1
0.95,0.06241305522790074,1
1.0,0.011415113677981124,1
0.0,0.9999999999999998,0
0.05,0.9970584367440603,0
0.1,0.9878027148039596,0
0.15,0.9645800616317708,1
0.2,0.9277102703947704,1
0.25,0.8883950994123672,1
0.3,0.8595034777269819,1
0.35,0.8313845534829829,1
0.4,0.7906881153833569,1
0.45,0.7365162861465521,1
0.5,0.6681646184174477,1
0.55,0.5875582657711063,1
0.6,0.5008634588614468,1
0.65,0.41353116169038406,1
0.7,0.3322562477754755,1
0.75,0.2581293264254421,1
0.8,0.19627843931387923,1
0.85,0.1436008541619159,1
0.9,0.10129280933097742,1
0.95,0.0635179774376609,1
1.0,0.010889034552424733,1
0.0,1.0,0
0.05,0.9993138754574796,0
0.1,0.9962446179849322,0
0.15,0.9899180240838388,0
0.2,0.9794713630902406,1
0.25,0.9645385887053158,1
0.3,0.9458052556683456,1
0.35,0.9249338398904269,1
0.4,0.8934042770478836,1
0.45,0.8506614461718439,1
0.5,0.7868606951295984,1
0.55,0.7164872126936241,1
0.6,0.636381922916732,1
0.65,0.5449550952938726,1
0.7,0.44681238134652235,1
0.75,0.356666116173535,1
0.8,0.27494020705474376,1
0.85,0.2048788113941709,1
0.9,0.14294421049369505,1
0.95,0.08632398684860533,1
1.0,-0.00026084262587877026,1
0.0,1.0,0
0.05,0.998764081814947,0
0.1,0.9929227946968111,0
0.15,0.9818276838591581,1
0.2,0.9659139686286609,1
0.25,0.9441461584225315,1
0.3,0.9128551203202467,1
0.35,0.8680756840453924,1
0.4,0.7867814545359866,1
0.45,0.7149466696471353,1
0.5,0.6339824933148266,1
0.55,0.5437533298862623,1
0.6,0.45255037917529833,1
0.65,0.3683681358356935,1
0.7,0.2929309371607472,1
0.75,0.2277332708208208,1
0.8,0.17337421130164124,1
0.85,0.12866779858722205,1
0.9,0.09118140853961455,1
0.95,0.05876635538833689,1
1.0,0.013323419290637361,1
0.0,1.0,0
0.05,0.9972114288740346,1
0.1,0.9748821165100944,1
0.15,0.9402834537864442,1
0.2,0.9252282515319645,1
0.25,0.8797850947492941,1
0.3,0.8225770161022243,1
0.35,0.7547963020750782,1
0.4,0.6594102488565731,1
0.45,0.5719136267134051,1
0.5,0.48972980405145417,1
0.55,0.4060555125175103,1
0.6,0.3449900843614599,1
0.65,0.277174313015759,1
0.7,0.2278413289391535,1
0.75,0.1856254049976218,1
0.8,0.14130788112627543,1
0.85,0.10558486146204973,1
0.9,0.07249064873750985,1
0.95,0.04014060818827859,1
1.0,0.013264926867154695,1
0.0,0.9999999999999999,0
0.05,0.9977937330050022,0
0.1,0.9907892215255717,0
0.15,0.9779312641860588,0
0.2,0.9582380523947748,0
0.25,0.9311950903290385,1
0.3,0.8974841571722967,1
0.35,0.8586312012687592,1
0.4,0.8151463609712755,1
0.45,0.7637508895103424,1
0.5,0.7028412095365419,1
0.55,0.6306019408602287,1
0.6,0.547994783640195,1
0.65,0.45896246915572286,1
0.7,0.37048033110420775,1
0.75,0.2921447696631255,1
0.8,0.2237069131695253,1
0.85,0.16618211014963927,1
0.9,0.11785889262807758,1
0.95,0.07544077730810822,1
1.0,0.015805089136361028,1
0.0,1.0,0
0.05,0.9937594214289899,0
0.1,0.9207634505928437,1
0.15,0.8382487766142076,1
0.2,0.8478495467839718,1
0.25,0.7250547635554239,1
0.3,0.6333642314196076,1
0.35,0.6418876559526511,1
0.4,0.6109496581933468,1
0.45,0.5199814175505559,1
0.5,0.4610970036043214,1
0.55,0.4011491208579101,1
0.6,0.32166127891550333,1
0.65,0.2601749696061833,1
0.7,0.20489151521684962,1
0.75,0.15441899802788417,1
0.8,0.12044075506267478,1
0.85,0.08607733587454978,1
0.9,0.06335065621600788,1
0.95,0.04682419187399786,1
1.0,0.014843696421038966,1
0.0,1.0,0
0.05,0.9848918209700787,1
0.1,0.9026227961981179,1
0.15,0.7793174957291865,1
0.2,0.6290070342179659,1
0.25,0.5513045027550821,1
0.3,0.3398727830170429,1
0.35,0.2805416835642038,1
0.4,0.5112884512904453,1
0.45,0.5204026105926268,1
0.5,0.48037900531032135,1
0.55,0.4485669817819445,1
0.6,0.3973849553920597,1
0.65,0.32971337431428654,1
0.7,0.2692451905904074,1
0.75,0.21370918776895254,1
0.8,0.16483177056272766,1
0.85,0.12313903172757389,1
0.9,0.0848839062360303,1
0.95,0.05317851305825389,1
1.0,0.008238061245885492,1
0.0,1.0,0
0.05,0.9948337380710109,0
0.1,0.9614384053205014,1
0.15,0.9087321255173927,1
0.2,0.860279314225328,1
0.25,0.8088163406929859,1
0.3,0.78001471006281,1
0.35,0.711173261841174,1
0.4,0.6228384918568881,1
0.45,0.5284716689771755,1
0.5,0.4409175881818203,1
0.55,0.3575488004431522,1
0.6,0.28541294007540513,1
0.65,0.22390798337696893,1
0.7,0.175389824962112,1
0.75,0.13687842650070148,1
0.8,0.10696749300796765,1
0.85,0.0828540199412787,1
0.9,0.06464108224270562,1
0.95,0.04905533921957495,1
1.0,0.030639974585322735,1
0.0,1.0,0
0.05,0.98551204383999,1
0.1,0.951030185435119,1
0.15,0.8709396589824999,1
0.2,0.7722181430769651,1
0.25,0.6913320788229701,1
0.3,0.6559075726502878,1
0.35,0.6561709565529479,1
0.4,0.6714959743123459,1
0.45,0.6014299959762017,1
0.5,0.5082682482118209,1
0.55,0.42534154654907863,1
0.6,0.3463780314161776,1
0.65,0.27272396773831664,1
0.7,0.2116237639172508,1
0.75,0.15830654978246123,1
0.8,0.11821515938477882,1
0.85,0.08270299173182119,1
0.9,0.060168259152368266,1
0.95,0.03864388956802582,1
1.0,0.01681886421479586,1
0.0,1.0,0
0.05,0.998347732939688,0
0.1,0.9896545541962681,0
0.15,0.9732614677731064,1
0.2,0.9541536809654071,1
0.25,0.9275413262706732,1
0.3,0.8880450368867792,1
0.35,0.8383395465265363,1
0.4,0.7707738609344994,1
0.45,0.6784479558612627,1
0.5,0.5771357446635695,1
0.55,0.47373526456866194,1
0.6,0.37474960421371956,1
0.65,0.2984851230614252,1
0.7,0.23417501330935106,1
0.75,0.1757223371019417,1
0.8,0.13649427148301346,1
0.85,0.10237863267312558,1
0.9,0.06305023703367625,1
0.95,0.04171669211735588,1
1.0,0.007364773939769616,1
0.0,1.0,0
0.05,0.9988482971862173,0
0.1,0.9932427713851935,0
0.15,0.982537987430593,1
0.2,0.9666398413448353,1
0.25,0.9486243344528287,1
0.3,0.9224833462072121,1
0.35,0.8898707498622933,1
0.4,0.84553213885574,1
0.45,0.7858629693958864,1
0.5,0.7086396801729323,1
0.55,0.6222778230178887,1
0.6,0.5284112030867306,1
0.65,0.43552301319342035,1
0.7,0.3496033529748599,1
0.75,0.2732402806660258,1
0.8,0.20830342103979232,1
0.85,0.15407458770751659,1
0.9,0.10850186328546321,1
0.95,0.06777376389101462,1
1.0,0.011026244062076106,1
0.0,1.0,1
0.05,0.9949688773215835,1
0.1,0.9777317846448244,1
0.15,0.9483997292033963,1
0.2,0.9067144020186744,1
0.25,0.8528360344274332,1
0.3,0.7943193051002464,1
0.35,0.7266800355121638,1
0.4,0.6428968280416905,1
0.45,0.5538591900422005,1
0.5,0.46724337451910253,1
0.55,0.3834935857686207,1
0.6,0.30811971954950507,1
0.65,0.23689015956796458,1
0.7,0.18475568593387434,1
0.75,0.14282125365801362,1
0.8,0.10916421278666387,1
0.85,0.08155689437548379,1
0.9,0.0594698732969884,1
0.95,0.04129087721216885,1
1.0,0.016776254032828935,1
0.0,1.0,0
0.05,0.9979836743375137,0
0.1,0.9898191094452783,1
0.15,0.974721208096533,1
0.2,0.9522932862923729,1
0.25,0.9232554902978214,1
0.3,0.885969470497658,1
0.35,0.8395075496234403,1
0.4,0.7818511375120886,1
0.45,0.7128691824306741,1
0.5,0.6327521478610366,1
0.55,0.5460643916704411,1
0.6,0.45713317531503844,1
0.65,0.3701241371091752,1
0.7,0.294193387070776,1
0.75,0.22826064542548813,1
0.8,0.17311294427612225,1
0.85,0.1278316565786242,1
0.9,0.09027176842233103,1
0.95,0.0575735081365104,1
1.0,0.010983796303217374,1
0.0,0.9999999999999999,1
0.05,0.9950225811559973,1
0.1,0.9755281569080628,1
0.15,0.9479472657862126,1
0.2,0.910250005782384,1
0.25,0.8610419812823964,1
0.3,0.7950596228540917,1
0.35,0.7165209126235876,1
0.4,0.5884989199104467,1
0.45,0.49048992260024604,1
0.5,0.39008599937686056,1
0.55,0.3172796238158985,1
0.6,0.26487755538570784,1
0.65,0.20735897024698283,1
0.7,0.16437450905446793,1
0.75,0.13729582442128474,1
0.8,0.11197211855427519,1
0.85,0.08862164908567519,1
0.9,0.06901874190136517,1
0.95,0.053323544604366585,1
1.0,0.03907464386157532,1
0.0,1.0,0
0.05,0.9986068744002573,0
0.1,0.9909100063762994,1
0.15,0.9757816476256854,1
0.2,0.9546405522519137,1
0.25,0.927361854225392,1
0.3,0.895467746422878,1
0.35,0.8477613007097947,1
0.4,0.7844404220527386,1
0.45,0.7065239916529709,1
0.5,0.6220245372633953,1
0.55,0.5286577523575973,1
0.6,0.4397344987281052,1
0.65,0.35373989728255945,1
0.7,0.277949758951163,1
0.75,0.21373707429446456,1
0.8,0.15792582502795613,1
0.85,0.11559685678547442,1
0.9,0.08221802037826022,1
0.95,0.04873212242119049,1
1.0,0.012310221767929902,1
0.0,1.0,0
0.05,0.998082875717776,0
0.1,0.9894328932075896,0
0.15,0.9747212799937602,0
0.2,0.95510805044586,1
0.25,0.9258569284993396,1
0.3,0.8793332695204518,1
0.35,0.7773765218313305,1
0.4,0.7092810639875247,1
0.45,0.6413822382391233,1
0.5,0.5887342500288846,1
0.55,0.5119182443717843,1
0.6,0.43069606330180393,1
0.65,0.35448600409249786,1
0.7,0.2822077200893369,1
0.75,0.222598267838632,1
0.8,0.1680375325336619,1
0.85,0.12272556873049793,1
0.9,0.0854661446741624,1
0.95,0.053683008691057924,1
1.0,0.009164975244618321,1
0.0,0.9999999999999998,1
0.05,0.9892984582683685,0
0.1,0.9887334597866728,1
0.15,0.9770804186808224,1
0.2,0.9194697128379886,1
0.25,0.8047314268768974,1
0.3,0.4800654789808232,1
0.35,0.5826633976663699,1
0.4,0.4950919832890535,1
0.45,0.4468329562552443,1
0.5,0.3308128246645026,1
0.55,0.22059628590540786,1
0.6,0.15253764744259465,1
0.65,0.11115178967421756,1
0.7,0.07475493581376931,1
0.75,0.04907210618676417,1
0.8,0.06058696505686077,1
0.85,0.048937650676364006,1
0.9,0.030717563892380423,1
0.95,0.004746041733993449,1
1.0,-0.019277051320013488,1
0.0,1.0,0
0.05,0.9978293438075043,0
0.1,0.989064951852373,0
0.15,0.9727687122111732,1
0.2,0.9483780832560377,1
0.25,0.911303161057178,1
0.3,0.8518169339428301,1
0.35,0.7838063258685826,1
0.4,0.7144606591330743,1
0.45,0.6322930994744936,1
0.5,0.5394065890825755,1
0.55,0.4473735866698861,1
0.6,0.35619426587023345,1
0.65,0.2808657781599078,1
0.7,0.22254787177809748,1
0.75,0.17041623125936148,1
0.8,0.1283191776694911,1
0.85,0.10268215409324723,1
0.9,0.07500671281002039,1
0.95,0.049687564775542405,1
1.0,0.011489919156825668,1
0.0,1.0,0
0.05,0.9972258989361954,0
0.1,0.981194943700061,1
0.15,0.9553748274857218,1
0.2,0.9264326531965705,1
0.25,0.8987659243033539,1
0.3,0.853333716897161,1
0.35,0.797054891961977,1
0.4,0.7317851226366634,1
0.45,0.6566517661983396,1
0.5,0.5711505465414211,1
0.55,0.48105449683605395,1
0.6,0.39977495265890456,1
0.65,0.3205160730957722,1
0.7,0.2519761132367891,1
0.75,0.19432534114337274,1
0.8,0.14571330488042045,1
0.85,0.10678275390913053,1
0.9,0.07495603298807674,1
0.95,0.04803633953558783,1
1.0,0.010498801842318054,1
0.0,1.0,0
0.05,0.9969268400505429,0
0.1,0.9871346908663715,0
0.15,0.9702901910636281,1
0.2,0.9399742551652035,1
0.25,0.8757822422995143,1
0.3,0.8097134756748003,1
0.35,0.7544172494033482,1
0.4,0.6852574014873758,1
0.45,0.6117012775694678,1
0.5,0.5449820751945977,1
0.55,0.4611098061441223,1
0.6,0.3766596167307673,1
0.65,0.300131203958011,1
0.7,0.23465667042372026,1
0.75,0.17947801135302663,1
0.8,0.13655790923437536,1
0.85,0.09997561006053089,1
0.9,0.07198404217847205,1
0.95,0.048023272850863837,1
1.0,0.021269253170471517,1
0.0,1.0,0
0.05,0.998542268427119,0
0.1,0.9912716125535975,0
0.15,0.9776881990544146,1
0.2,0.9588576987340282,1
0.25,0.9284871810197524,1
0.3,0.8890764048647254,1
0.35,0.8470125760851531,1
0.4,0.7858871126988555,1
0.45,0.7195878838507959,1
0.5,0.6452515314141815,1
0.55,0.5736478907198782,1
0.6,0.4935229269217755,1
0.65,0.4117944580340472,1
0.7,0.32975393327821917,1
0.75,0.25546434261047074,1
0.8,0.19383843681791202,1
0.85,0.1423512377693348,1
0.9,0.09741603606122289,1
0.95,0.05872620150152873,1
1.0,0.0007328312732410113,1
0.0,1.0,0
0.05,0.9972094114619333,0
0.1,0.9816445059335961,1
0.15,0.9570639297533468,1
0.2,0.9322754676276835,1
0.25,0.9030747675468109,1
0.3,0.8620173803849794,1
0.35,0.8115869677792407,1
0.4,0.751284845883777,1
0.45,0.6791026592690147,1
0.5,0.5982316533433748,1
0.55,0.5111541126979792,1
0.6,0.42418254152843715,1
0.65,0.3426257338533958,1
0.7,0.27133840585188934,1
0.75,0.20977712375602778,1
0.8,0.1586985900981855,1
0.85,0.11704197495444515,1
0.9,0.08259108116346052,1
0.95,0.05234977186447052,1
1.0,0.009385476494893241,1
0.0,1.0,0
0.05,0.9973138148752149,0
0.1,0.9301969529822999,1
0.15,0.9215835988333979,1
0.2,0.9478132450756329,1
0.25,0.8924784299701829,1
0.3,0.8634243286617057,1
0.35,0.7736953379211281,1
0.4,0.6566616726381508,1
0.45,0.5658992742703215,1
0.5,0.4769640200800858,1
0.55,0.4051982972237673,1
0.6,0.33373901644345416,1
0.65,0.2634289248813009,1
0.7,0.20497093627111326,1
0.75,0.15773445619163565,1
0.8,0.11911484893632893,1
0.85,0.08950134340165801,1
0.9,0.06553744124848215,1
0.95,0.043108098929879296,1
1.0,0.02131896189970186,1
0.0,1.0,0
0.05,0.9974741538071829,1
0.1,0.9873161059544029,1
0.15,0.9690981539913263,1
0.2,0.9425814698211684,1
0.25,0.9075682898418889,1
0.3,0.8612393882387104,1
0.35,0.8051519034631188,1
0.4,0.7370527762966365,1
0.45,0.6580545316576547,1
0.5,0.5705389698693014,1
0.55,0.480609498599637,1
0.6,0.39474804478843495,1
0.65,0.3166918461024078,1
0.7,0.2493080723518729,1
0.75,0.1927697734705828,1
0.8,0.14614940315259423,1
0.85,0.10833300059327865,1
0.9,0.07721770556458232,1
0.95,0.0504649245612833,1
1.0,0.013450065858643402,1
0.0,1.0,0
0.05,0.9993996302618122,0
0.1,0.9966988322655638,0
0.15,0.9915564358868214,0
0.2,0.983363078600339,0
0.25,0.9731020475440655,1
0.3,0.9605123234664504,1
0.35,0.9428463203174555,1
0.4,0.9185614444133559,1
0.45,0.8869547322016819,1
0.5,0.8419301677285286,1
0.55,0.7822266627451535,1
0.6,0.7065132626445498,1
0.65,0.6167251553346467,1
0.7,0.5193038242508248,1
0.75,0.421423802221423,1
0.8,0.3300376041690969,1
0.85,0.24803247900508898,1
0.9,0.17521178934319842,1
0.95,0.10995359728652249,1
1.0,0.010463334805784544,1
0.0,1.0,0
0.05,0.9979992512901396,0
0.1,0.9919057489725209,0
0.15,0.9787846007936156,1
0.2,0.9564610762833862,1
0.25,0.9197191872546916,1
0.3,0.887626943862221,1
0.35,0.8529229105644964,1
0.4,0.8041767817345425,1
0.45,0.7395041199097354,1
0.5,0.6684121113723663,1
0.55,0.5902859382560673,1
0.6,0.502187690020343,1
0.65,0.4076219793956652,1
0.7,0.3272142779731851,1
0.75,0.2596949381308592,1
0.8,0.20040620035805018,1
0.85,0.1469946731554446,1
0.9,0.10178550902046461,1
0.95,0.06327550428705252,1
1.0,0.005673892854066666,1
0.0,1.0,0
0.05,0.997034068524504,0
0.1,0.9854399345523845,0
0.15,0.9639753776574036,1
0.2,0.9284628260961991,1
0.25,0.89270219493319,1
0.3,0.8570140781802165,1
0.35,0.8224941300124813,1
0.4,0.7649002397176234,1
0.45,0.6927607901475491,1
0.5,0.6139450653501315,1
0.55,0.530472475999101,1
0.6,0.4444801364482331,1
0.65,0.35947365539818654,1
0.7,0.28825055701284236,1
0.75,0.22588188698732758,1
0.8,0.1731428248751198,1
0.85,0.12848516781800598,1
0.9,0.09040089092608808,1
0.95,0.05784304249819534,1
1.0,0.009816830776416926,1
0.0,1.0,0
0.05,0.9985862564626141,0
0.1,0.991492582247687,1
0.15,0.978907065019433,1
0.2,0.9626718580386946,1
0.25,0.94218521905166,1
0.3,0.915647886965744,1
0.35,0.880876530981225,1
0.4,0.8353416287881196,1
0.45,0.7778745641247878,1
0.5,0.7069974313240897,1
0.55,0.623500480169673,1
0.6,0.5330773005248861,1
0.65,0.4411845499762232,1
0.7,0.3546412312191164,1
0.75,0.2772236010401752,1
0.8,0.21067237615326895,1
0.85,0.1549685183824483,1
0.9,0.10865202658240912,1
0.95,0.06778234239237298,1
1.0,0.00848677174556061,1
0.0,1.0,0
0.05,0.997956987256715,0
0.1,0.9904881375140323,1
0.15,0.9768539613526587,1
0.2,0.9552811109120117,1
0.25,0.9274722687295854,1
0.3,0.8959819542874125,1
0.35,0.8560375671656203,1
0.4,0.8042363335283252,1
0.45,0.7492629555874951,1
0.5,0.6803499356206169,1
0.55,0.599246113759622,1
0.6,0.5133674872207733,1
0.65,0.42288080938857725,1
0.7,0.34279857403490194,1
0.75,0.26952655317111385,1
0.8,0.20609206832124963,1
0.85,0.15225465544390662,1
0.9,0.10664920408817144,1
0.95,0.06653805201209789,1
1.0,0.008214580009733935,1
0.0,0.9999999999999999,0
0.05,0.9987526073155135,0
0.1,0.9934656302649496,1
0.15,0.9830367343782042,1
0.2,0.9671405557406707,1
0.25,0.9417405940604545,1
0.3,0.909253812489237,1
0.35,0.8627249918149038,1
0.4,0.8175148587649336,1
0.45,0.7557647491817223,1
0.5,0.6842753522375797,1
0.55,0.601510323953492,1
0.6,0.5108837720430837,1
0.65,0.4219422295330533,1
0.7,0.3390293148158186,1
0.75,0.26505200819985375,1
0.8,0.2012512261230792,1
0.85,0.14763519312299433,1
0.9,0.10385563699525703,1
0.95,0.06376357430889504,1
1.0,0.006056197842670377,1
0.0,0.9999999999999999,0
0.05,0.9979941108810867,0
0.1,0.9898588366952642,0
0.15,0.9738461520541828,1
0.2,0.9511493569240428,1
0.25,0.9103468956815265,1
0.3,0.8589241156025751,1
0.35,0.8123282635353501,1
0.4,0.761085755756786,1
0.45,0.6944868613456243,1
0.5,0.6270173631147508,1
0.55,0.5506223098045923,1
0.6,0.4643237471375599,1
0.65,0.3793984924605459,1
0.7,0.30074351388112586,1
0.75,0.23769737824897133,1
0.8,0.1797031852916228,1
0.85,0.13336141863358678,1
0.9,0.09190491260377148,1
0.95,0.057202204697708335,1
1.0,0.0019470144539382016,1
0.0,1.0,0
0.05,0.9993915967584037,0
0.1,0.9966682228085442,0
0.15,0.9912676251085483,0
0.2,0.9834324650934263,0
0.25,0.9721037343316218,1
0.3,0.9572589719299803,1
0.35,0.9349247589834897,1
0.4,0.9026816724472787,1
0.45,0.8645101176245401,1
0.5,0.8120597820842133,1
0.55,0.7414571007520308,1
0.6,0.6593451835911454,1
0.65,0.566259537317434,1
0.7,0.47152280814210124,1
0.75,0.378972861701297,1
0.8,0.2957910213608893,1
0.85,0.21959902182295649,1
0.9,0.1543116835181458,1
0.95,0.09440313620515349,1
1.0,0.003928670220785796,1
0.0,1.0,0
0.05,0.9894801529800756,0
0.1,0.9329316071307481,0
0.15,0.8375881096746838,1
0.2,0.8010417375384163,1
0.25,0.7948500621753979,1
0.3,0.7617329820666172,1
0.35,0.7183124430805121,1
0.4,0.6760852914553525,1
0.45,0.6139010675488933,1
0.5,0.5478371225553871,1
0.55,0.46600909912670924,1
0.6,0.38151955336817783,1
0.65,0.31028484786357846,1
0.7,0.243570881688037,1
0.75,0.18924385297923763,1
0.8,0.1423243294764349,1
0.85,0.10482071205357406,1
0.9,0.0732355709434076,1
0.95,0.04477052575212893,1
1.0,0.005406269251856713,1
0.0,1.0,0
0.05,0.9984759032299724,0
0.1,0.9920033001246147,0
0.15,0.9803552215613994,1
0.2,0.9644092121010717,1
0.25,0.9434791232413213,1
0.3,0.9153630092307179,1
0.35,0.8800175490481472,1
0.4,0.8349545029832094,1
0.45,0.7788411825775867,1
0.5,0.704596194532289,1
0.55,0.6213621926082998,1
0.6,0.5292130917497315,1
0.65,0.4345992057415916,1
0.7,0.3480339810890928,1
0.75,0.27117255235930565,1
0.8,0.20461451802376138,1
0.85,0.15013507761229894,1
0.9,0.10546349366268779,1
0.95,0.06578790636933603,1
1.0,0.008107104806151557,1
0.0,1.0,0
0.05,0.9970341863503783,0
0.1,0.9851085226640651,0
0.15,0.9646261404799823,1
0.2,0.9370926385757384,1
0.25,0.8966273178939591,1
0.3,0.8294727647475283,1
0.35,0.7625685046875559,1
0.4,0.6891651580521371,1
0.45,0.5944758641577071,1
0.5,0.5068686100271659,1
0.55,0.4411332569820512,1
0.6,0.3676644373600753,1
0.65,0.29519971078557716,1
0.7,0.2300513229841382,1
0.75,0.17880123016754124,1
0.8,0.13592621654193568,1
0.85,0.10287444013563977,1
0.9,0.07419248030221338,1
0.95,0.04887441538224673,1
1.0,0.009041639218958975,1
0.0,0.9999999999999999,0
0.05,0.99137914491552,0
0.1,0.9712064292303739,0
0.15,0.9158443761263376,1
0.2,0.8444612070182516,1
0.25,0.7843708591831127,1
0.3,0.7030738157848762,1
0.35,0.631206546174698,1
0.4,0.5480895531755365,1
0.45,0.45033502783920054,1
0.5,0.3634171619531235,1
0.55,0.2819436304635151,1
0.6,0.22994386907733005,1
0.65,0.20368487246694558,1
0.7,0.17753064782617994,1
0.75,0.14134273936889247,1
0.8,0.1108821725012519,1
0.85,0.08555492447426251,1
0.9,0.06385513732521372,1
0.95,0.043678906548195215,1
1.0,0.031162196500147687,1
0.0,1.0,0
0.05,0.9963889707638579,0
0.1,0.9823857139948228,1
0.15,0.9571185217521715,1
0.2,0.921943828435085,1
0.25,0.8656020794327035,1
0.3,0.7808927650780695,1
0.35,0.6968712060880945,1
0.4,0.5907476742742769,1
0.45,0.5127975421235604,1
0.5,0.46521481609066406,1
0.55,0.395068578401187,1
0.6,0.3076658509071881,1
0.65,0.2469938587260336,1
0.7,0.18755331957477628,1
0.75,0.14649047327304007,1
0.8,0.11372710183879524,1
0.85,0.08745123243804838,1
0.9,0.06386187006364384,1
0.95,0.04422078831828586,1
1.0,0.013222671237641167,1
0.0,1.0,0
0.05,0.9985633171497483,0
0.1,0.9938247885070749,0
0.15,0.9831900928079721,0
0.2,0.965015696074082,1
0.25,0.9427129146949086,1
0.3,0.9157981787580576,1
0.35,0.8853499748325822,1
0.4,0.8514360475248367,1
0.45,0.8027430010144997,1
0.5,0.7430828637513136,1
0.55,0.6655120677944513,1
0.6,0.573508598537624,1
0.65,0.47404749747520225,1
0.7,0.38413199266350745,1
0.75,0.30051583085306993,1
0.8,0.22777944178851497,1
0.85,0.16716164712811216,1
0.9,0.11644609468920598,1
0.95,0.07221606002583188,1
1.0,0.00474663978438723,1
0.0,1.0,0
0.05,0.9980736536853624,0
0.1,0.9923518451458851,0
0.15,0.9812646379989147,1
0.2,0.9633004699590588,1
0.25,0.9314281749440994,1
0.3,0.8905009485836699,1
0.35,0.8469800229825047,1
0.4,0.7975034140841533,1
0.45,0.737614525634855,1
0.5,0.6641348272672162,1
0.55,0.5803127333818553,1
0.6,0.49063472836247984,1
0.65,0.40301123783486065,1
0.7,0.32268683478457844,1
0.75,0.2502487176603902,1
0.8,0.1906977702544994,1
0.85,0.14135519189479487,1
0.9,0.09961072071937295,1
0.95,0.06348592230620735,1
1.0,0.01207955502726612,1
0.0,1.0,0
0.05,0.9974320794707765,1
0.1,0.986615845455053,1
0.15,0.9668631373503553,1
0.2,0.9372820499559207,1
0.25,0.8891816586643976,1
0.3,0.8308102186656752,1
0.35,0.7422999002090411,1
0.4,0.6786331162660286,1
0.45,0.5942340350999108,1
0.5,0.5188262552842554,1
0.55,0.44206964608683635,1
0.6,0.3664202649299707,1
0.65,0.3002053541982404,1
0.7,0.23885150149619924,1
0.75,0.18553057883752339,1
0.8,0.14181697473437552,1
0.85,0.1041701720611906,1
0.9,0.07492144360789507,1
0.95,0.048243408969418644,1
1.0,0.010418201719997997,1
0.0,1.0,0
0.05,0.9983732318318844,0
0.1,0.9890685525881209,0
0.15,0.9725794686394433,1
0.2,0.9541641339087489,1
0.25,0.9249570746685404,1
0.3,0.8867121642372175,1
0.35,0.8499154023257017,1
0.4,0.79293182836425,1
0.45,0.7004518460706127,1
0.5,0.59306734517303,1
0.55,0.510246005874945,1
0.6,0.4345014814090695,1
0.65,0.3491122919505995,1
0.7,0.26858958847949277,1
0.75,0.20088917305863888,1
0.8,0.15141632045129175,1
0.85,0.11347327068847783,1
0.9,0.07985177671884514,1
0.95,0.05032838203765069,1
1.0,0.003579085099613837,1
0.0,1.0,0
0.05,0.9968895155352602,0
0.1,0.9832772884472917,0
0.15,0.9546903054316657,1
0.2,0.9327642265909707,1
0.25,0.9093621841538861,1
0.3,0.872593608377994,1
0.35,0.8342073966446047,1
0.4,0.7781702608374725,1
0.45,0.7042380115293327,1
0.5,0.6174650213969474,1
0.55,0.5255891111004857,1
0.6,0.4366847216633469,1
0.65,0.3575837836765917,1
0.7,0.2803538398898991,1
0.75,0.22224239599103449,1
0.8,0.1722103657465218,1
0.85,0.12755342888185486,1
0.9,0.0905633575669257,1
0.95,0.061373780556276104,1
1.0,0.023809978200660324,1
0.0,0.9999999999999999,0
0.05,0.9970186920058256,0
0.1,0.9862682104676376,1
0.15,0.9652379553513178,1
0.2,0.9302258070651455,1
0.25,0.8830166397042578,1
0.3,0.8282424919783508,1
0.35,0.7457884330140353,1
0.4,0.6560728735956727,1
0.45,0.5594043454175236,1
0.5,0.46520288105062263,1
0.55,0.37792508665124874,1
0.6,0.30351333088574595,1
0.65,0.2403857217064591,1
0.7,0.18947170891089896,1
0.75,0.1480747002392245,1
0.8,0.11446018382042297,1
0.85,0.08705261200662945,1
0.9,0.0652660049143947,1
0.95,0.04645596371548366,1
1.0,0.021745498408435142,1
0.0,1.0,0
0.05,0.9988648975515502,0
0.1,0.9933259563887276,1
0.15,0.9829042427707914,1
0.2,0.9692063806695179,1
0.25,0.9523648456387493,1
0.3,0.9308153533042846,1
0.35,0.8981947152030239,1
0.4,0.8576136961450851,1
0.45,0.8050609199076544,1
0.5,0.7371015325505336,1
0.55,0.6547456714801291,1
0.6,0.5628738151678262,1
0.65,0.46772583435788306,1
0.7,0.3768210957159063,1
0.75,0.29462050529595624,1
0.8,0.22456840556752866,1
0.85,0.16566328748841136,1
0.9,0.1160306851437695,1
0.95,0.07261843608053481,1
1.0,0.009234119504934935,1
0.0,1.0,0
0.05,0.9984032735365395,0
0.1,0.994000015703229,0
0.15,0.9849692059418034,0
0.2,0.9659314015452813,1
0.25,0.9362680196325286,1
0.3,0.8922056281565253,1
0.35,0.8359493180464853,1
0.4,0.7640175601234591,1
0.45,0.6696529850161128,1
0.5,0.5733276641939073,1
0.55,0.47699689800631884,1
0.6,0.38733728858531674,1
0.65,0.3083758697001048,1
0.7,0.2414305833623665,1
0.75,0.1865670836499283,1
0.8,0.14192304942320386,1
0.85,0.10618766152540235,1
0.9,0.07742116802218772,1
0.95,0.05273317069022928,1
1.0,0.02136158546108438,1
0.0,1.0,0
0.05,0.9884533363363,1
0.1,0.9500726980804124,1
0.15,0.9017370871028295,1
0.2,0.8308206384282731,1
0.25,0.7533077143387222,1
0.3,0.6203054505248574,1
0.35,0.5720576520663215,1
0.4,0.5796281619308558,1
0.45,0.5160573024147702,1
0.5,0.43460271597435696,1
0.55,0.35202133669036373,1
0.6,0.2825245084414273,1
0.65,0.22620680355209893,1
0.7,0.17876360483339518,1
0.75,0.13992084682983558,1
0.8,0.10648833446731536,1
0.85,0.08372745671478121,1
0.9,0.0616197482960956,1
0.95,0.0470893635517821,1
1.0,0.027226204413692986,1
0.0,1.0,0
0.05,0.986800742638968,0
0.1,0.9518091522987528,1
0.15,0.9045557719928337,1
0.2,0.8011443451805877,1
0.25,0.6746464091312402,1
0.3,0.5843707215811313,1
0.35,0.5054572136105141,1
0.4,0.49151192368870805,1
0.45,0.4988672679401713,1
0.5,0.44638967693441756,1
0.55,0.3786849281302501,1
0.6,0.31417228775684336,1
0.65,0.25455897809176425,1
0.7,0.21225787011666,1
0.75,0.16546448667281646,1
0.8,0.1245336941571327,1
0.85,0.0899623601751461,1
0.9,0.06028300322572928,1
0.95,0.03733639973166615,1
1.0,0.002560512372031857,1
0.0,1.0,0
0.05,0.9989859779206737,0
0.1,0.9947857386591432,1
0.15,0.9865710817267168,1
0.2,0.9735396283156225,1
0.25,0.9559969307508739,1
0.3,0.9326830953316678,1
0.35,0.9003175530596829,1
0.4,0.8583352132328446,1
0.45,0.8030513180452837,1
0.5,0.7334992433107074,1
0.55,0.6489847385777924,1
0.6,0.5566928790136453,1
0.65,0.4597557527352256,1
0.7,0.3710121917946812,1
0.75,0.291112705475104,1
0.8,0.22207801683012784,1
0.85,0.163844895902531,1
0.9,0.11486860063091879,1
0.95,0.07176180158870893,1
1.0,0.009277308101885224,1
0.0,1.0,0
0.05,0.997004716565626,0
0.1,0.9872133329202485,1
0.15,0.968958002106869,1
0.2,0.9404260173200103,1
0.25,0.8986582210339189,1
0.3,0.8429614165809461,1
0.35,0.7782978226376069,1
0.4,0.693158128625766,1
0.45,0.6026019093795421,1
0.5,0.5130511330075819,1
0.55,0.42461374961069964,1
0.6,0.34376355034955214,1
0.65,0.2720173663326629,1
0.7,0.21680240807872156,1
0.75,0.16807290199878114,1
0.8,0.1277979536428664,1
0.85,0.09617139792416775,1
0.9,0.06932321630836291,1
0.95,0.0463683238757525,1
1.0,0.016915950355218784,1
0.0,1.0,0
0.05,0.9975322192756781,1
0.1,0.9860022862920633,1
0.15,0.9654235661269406,1
0.2,0.9369331433517358,1
0.25,0.9115542059040832,1
0.3,0.892513010398993,1
0.35,0.8711184114738342,1
0.4,0.8400639184130076,1
0.45,0.7974604821164241,1
0.5,0.746301736989252,1
0.55,0.6791749264021176,1
0.6,0.5974191418949825,1
0.65,0.508779475065045,1
0.7,0.4190563851803669,1
0.75,0.3330578023712585,1
0.8,0.2550476032895388,1
0.85,0.1875605562537219,1
0.9,0.13050689821835856,1
0.95,0.0779489316230263,1
1.0,0.00025701701814166364,1
0.0,1.0,0
0.05,0.9988441326686411,0
0.1,0.9934094726809819,0
0.15,0.9837183686762428,0
0.2,0.9705665474771042,1
0.25,0.9519978311901911,1
0.3,0.9242284588503804,1
0.35,0.8832426701369164,1
0.4,0.8316227344704558,1
0.45,0.7677616760043026,1
0.5,0.6899282244749454,1
0.55,0.5966859598646344,1
0.6,0.49973124467113583,1
0.65,0.4047179829809819,1
0.7,0.3142023639054648,1
0.75,0.2434733682621197,1
0.8,0.18347700227459443,1
0.85,0.13416605944626095,1
0.9,0.09249131794052709,1
0.95,0.05940262882368658,1
1.0,0.004208830649543726,1
0.0,1.0,0
0.05,0.9828680949473549,1
0.1,0.9144377874005181,1
0.15,0.7753440000186584,1
0.2,0.72143174521565,1
0.25,0.6556564408594155,1
0.3,0.5438214822400741,1
0.35,0.38113508611665997,1
0.4,0.29087796403523464,1
0.45,0.25429750807723384,1
0.5,0.2591131872344209,1
0.55,0.22721329310298727,1
0.6,0.19226898978154164,1
0.65,0.1875547426569816,1
0.7,0.1599923530539204,1
0.75,0.15698557924561687,1
0.8,0.12548219807591843,1
0.85,0.06925854344174934,1
0.9,0.04524466362556484,1
0.95,0.02725997232717801,1
1.0,0.0014758569659954952,1
0.0,1.0,0
0.05,0.9992112044919635,0
0.1,0.9951029804815849,0
0.15,0.9871295228540984,0
0.2,0.9755001262374301,1
0.25,0.9606907270274818,1
0.3,0.9378065989072366,1
0.35,0.8997975794778292,1
0.4,0.8530486956635255,1
0.45,0.7833581425415588,1
0.5,0.7053370583275743,1
0.55,0.6177844219719312,1
0.6,0.49936622145685194,1
0.65,0.4094748929195682,1
0.7,0.3240319901002045,1
0.75,0.24907201111442628,1
0.8,0.18699375070170188,1
0.85,0.1383061456495823,1
0.9,0.09717065804891366,1
0.95,0.057070859132581725,1
1.0,-0.0026790500375365876,1
0.0,1.0,0
0.05,0.9962905051956595,0
0.1,0.9845590667576156,1
0.15,0.9626873580250371,1
0.2,0.9377640141901179,1
0.25,0.8907350725769243,1
0.3,0.8321167823760549,1
0.35,0.7452876727367622,1
0.4,0.6727566864072685,1
0.45,0.5991146237968219,1
0.5,0.5157553871084816,1
0.55,0.42959325065623577,1
0.6,0.3510963790703054,1
0.65,0.2799053564759356,1
0.7,0.2181437867890396,1
0.75,0.16687994562653632,1
0.8,0.12573634979143195,1
0.85,0.09237184116709113,1
0.9,0.06667134840593125,1
0.95,0.04525455192404973,1
1.0,0.016190466977777655,1
0.0,0.9999999999999998,0
0.05,0.9974873642763312,0
0.1,0.9720072644477029,1
0.15,0.9339320244880884,1
0.2,0.9128798393169905,1
0.25,0.8855994009825743,1
0.3,0.8594539606865933,1
0.35,0.8137437932877698,1
0.4,0.7712435510077829,1
0.45,0.7083028689811836,1
0.5,0.628922919305985,1
0.55,0.5341490946726745,1
0.6,0.43684773709321517,1
0.65,0.34540749620254374,1
0.7,0.2685427145756574,1
0.75,0.20933383103615097,1
0.8,0.16037429871508294,1
0.85,0.11478294237678474,1
0.9,0.07833401178933867,1
0.95,0.0521940205670908,1
1.0,0.00017875471194950647,1
0.0,1.0,0
0.05,0.9980222806358321,0
0.1,0.9902512174544013,1
0.15,0.9757602920004286,1
0.2,0.9536497414175906,1
0.25,0.9223433613586564,1
0.3,0.8794295120357417,1
0.35,0.8248738228511827,1
0.4,0.7531409826753991,1
0.45,0.6758622158592504,1
0.5,0.5883846887572841,1
0.55,0.4973689931723529,1
0.6,0.41032968537448294,1
0.65,0.32995351719193544,1
0.7,0.2602279562048382,1
0.75,0.2001370754071329,1
0.8,0.15206621964593967,1
0.85,0.11221315402548243,1
0.9,0.0795274681969851,1
0.95,0.051887521235995784,1
1.0,0.012864609857477463,1
0.0,1.0,0
0.05,0.9841662433028776,0
0.1,0.9670415913383393,0
0.15,0.9209626982086921,1
0.2,0.8293586631275118,1
0.25,0.6914979085746246,1
0.3,0.6060020148935672,1
0.35,0.5925607940459305,1
0.4,0.5164926831090488,1
0.45,0.5271128082449532,1
0.5,0.4962144957549249,1
0.55,0.4325761670490092,1
0.6,0.35453377494648997,1
0.65,0.28382788480580323,1
0.7,0.2229825436137391,1
0.75,0.171646052205534,1
0.8,0.13027993437595736,1
0.85,0.0957658472433739,1
0.9,0.06891823127431844,1
0.95,0.045865421772922736,1
1.0,0.01512746315837135,1
0.0,0.9999999999999998,0
0.05,0.9967406793595264,0
0.1,0.9869584394371292,0
0.15,0.9680126970954096,1
0.2,0.9371669999622521,1
0.25,0.895289699390436,1
0.3,0.8404502659258919,1
0.35,0.769172530304149,1
0.4,0.6893982298185134,1
0.45,0.5924574465324444,1
0.5,0.5074745370745888,1
0.55,0.42079030852933985,1
0.6,0.3470078949695802,1
0.65,0.27999425952341067,1
0.7,0.22079723187608866,1
0.75,0.1710388358026499,1
0.8,0.1301375025998188,1
0.85,0.09716438248869579,1
0.9,0.07034218008556638,1
0.95,0.047542270066750006,1
1.0,0.017499162741226048,1
0.0,1.0,0
0.05,0.9915586652477524,1
0.1,0.964291037920252,1
0.15,0.909943452292112,1
0.2,0.7900632919325941,1
0.25,0.8404623318086816,1
0.3,0.7924029196076686,1
0.35,0.7011827844716353,1
0.4,0.6099107717912227,1
0.45,0.5466721266295043,1
0.5,0.47386274817988355,1
0.55,0.3879037162364415,1
0.6,0.3209073379942583,1
0.65,0.259786406072011,1
0.7,0.2071595282792394,1
0.75,0.15933651964242154,1
0.8,0.11914068437306816,1
0.85,0.08684941722684546,1
0.9,0.06141944217897627,1
0.95,0.039634965789548955,1
1.0,0.008570172256711169,1
0.0,1.0,0
0.05,0.9988632066370055,0
0.1,0.9940490298335358,0
0.15,0.9849631150924841,1
0.2,0.9711333819731898,1
0.25,0.9518782304414526,1
0.3,0.9240728974182272,1
0.35,0.8890714471034434,1
0.4,0.8396466060392387,1
0.45,0.777575658721124,1
0.5,0.7046959340281868,1
0.55,0.6200628464958614,1
0.6,0.5280216333465111,1
0.65,0.43618512239077284,1
0.7,0.3509324297048169,1
0.75,0.27259815386350256,1
0.8,0.20776329581082953,1
0.85,0.1528581471756945,1
0.9,0.10753893757082873,1
0.95,0.0671953512255138,1
1.0,0.010325176047225037,1
0.0,1.0,0
0.05,0.9677150320047319,1
0.1,0.9358129600050112,1
0.15,0.8816327054207255,1
0.2,0.7826656737181699,1
0.25,0.5760289625675844,1
0.3,0.6829820130522507,1
0.35,0.5208930400149865,1
0.4,0.41286369746869717,1
0.45,0.35743064019271875,1
0.5,0.26097809037793473,1
0.55,0.21871912043474323,1
0.6,0.13748006885207156,1
0.65,0.06352255650668243,1
0.7,0.0549499700570786,1
0.75,0.03648318157364655,1
0.8,0.04535580203565958,1
0.85,0.03648438410879679,1
0.9,0.0311965641922528,1
0.95,0.023979655366226506,1
1.0,0.006925829359928779,1
0.0,1.0,0
0.05,0.9986804947629823,0
0.1,0.9927120662936993,0
0.15,0.9812494511777881,1
0.2,0.963670219692004,1
0.25,0.9398042082622993,1
0.3,0.907551229587156,1
0.35,0.863125376417638,1
0.4,0.8044362308747668,1
0.45,0.7308338616247213,1
0.5,0.6459086334835653,1
0.55,0.5527791152023654,1
0.6,0.4602007478787639,1
0.65,0.3724444878371672,1
0.7,0.2951320029800487,1
0.75,0.22826483882847076,1
0.8,0.1730396018665502,1
0.85,0.1275676287625929,1
0.9,0.0902067343531756,1
0.95,0.05790735035499309,1
1.0,0.01236766657400784,1
0.0,0.9999999999999998,0
0.05,0.9982799550849789,0
0.1,0.9912866336659423,1
0.15,0.9774384621368037,1
0.2,0.9553085353722305,1
0.25,0.9258162941618879,1
0.3,0.8870294737076581,1
0.35,0.8374117660863654,1
0.4,0.7771497023351678,1
0.45,0.7049891558015707,1
0.5,0.62292672209529,1
0.55,0.5352400921180032,1
0.6,0.44704042473802635,1
0.65,0.36158811670566643,1
0.7,0.2858028267809286,1
0.75,0.22378461654512088,1
0.8,0.1700046952605454,1
0.85,0.12545816470627105,1
0.9,0.08728612154782764,1
0.95,0.054841341306330525,1
1.0,0.00834783404060408,1
0.0,0.9999999999999999,0
0.05,0.9982126853072407,0
0.1,0.9911420251988222,1
0.15,0.9778356915405948,1
0.2,0.9566971491821586,1
0.25,0.9283574403409895,1
0.3,0.8913947293782334,1
0.35,0.84462651989618,1
0.4,0.7857368831417092,1
0.45,0.7143575677894293,1
0.5,0.6327715884217848,1
0.55,0.5439903406809149,1
0.6,0.4539797532541437,1
0.65,0.36889310215794313,1
0.7,0.29321644511211287,1
0.75,0.22781055311910545,1
0.8,0.17300654101613763,1
0.85,0.12792698966284427,1
0.9,0.09057157149176301,1
0.95,0.058085876909407995,1
1.0,0.011766613984755961,1
0.0,1.0,0
0.05,0.9951321644464229,0
0.1,0.9814686808033518,1
0.15,0.956501978977817,1
0.2,0.9174179097287078,1
0.25,0.862541673697068,1
0.3,0.793415735603141,1
0.35,0.7154104361944733,1
0.4,0.6387045264477141,1
0.45,0.548850640746384,1
0.5,0.4607218121720952,1
0.55,0.37799749738802546,1
0.6,0.30442825504765764,1
0.65,0.2503082764509062,1
0.7,0.19816583148804237,1
0.75,0.15788138800912793,1
0.8,0.12359449134517066,1
0.85,0.09555882807318146,1
0.9,0.0726213455951673,1
0.95,0.05376382991335138,1
1.0,0.03390107832786725,1
0.0,1.0,0
0.05,0.998505115494402,0
0.1,0.9924875374269115,0
0.15,0.9796544482051468,1
0.2,0.9613437081700187,1
0.25,0.9333812484542554,1
0.3,0.9104649394200705,1
0.35,0.8810321767878558,1
0.4,0.8418217494422435,1
0.45,0.7826719401900913,1
0.5,0.720895597667435,1
0.55,0.6499639057155917,1
0.6,0.5637074522326676,1
0.65,0.47512540719634117,1
0.7,0.3905073935352811,1
0.75,0.3110949179677551,1
0.8,0.2392896828053032,1
0.85,0.17631728425777876,1
0.9,0.1230695493703508,1
0.95,0.07543594734511563,1
1.0,0.0027514647266038282,1
0.0,0.9999999999999999,0
0.05,0.9984430132340913,0
0.1,0.9918193243848143,0
0.15,0.9801668583413031,1
0.2,0.9637995532947672,1
0.25,0.9416503975339973,1
0.3,0.9135652288819028,1
0.35,0.8775290421211063,1
0.4,0.8301085394985795,1
0.45,0.7689143868149763,1
0.5,0.6943692909423829,1
0.55,0.6071836758551592,1
0.6,0.5142843178176606,1
0.65,0.41873701724004075,1
0.7,0.33386256666866027,1
0.75,0.26063971694176713,1
0.8,0.1979240501700053,1
0.85,0.14595738089879728,1
0.9,0.10246049757489646,1
0.95,0.06478286680944055,1
1.0,0.010967009755400759,1
0.0,0.9999999999999998,0
0.05,0.9967746395786912,0
0.1,0.9824565749558332,0
0.15,0.9602371683666043,1
0.2,0.9343623347576172,1
0.25,0.9026015404143543,1
0.3,0.8639923827569284,1
0.35,0.8180925713541661,1
0.4,0.7577510794065798,1
0.45,0.6866864747630376,1
0.5,0.6036817043319803,1
0.55,0.516379003603898,1
0.6,0.42895502104477223,1
0.65,0.34751668064768615,1
0.7,0.27581461733238244,1
0.75,0.21413623970248308,1
0.8,0.16270625000958722,1
0.85,0.12042701502354941,1
0.9,0.085303223960151,1
0.95,0.05486121001115661,1
1.0,0.01186307050948829,1
0.0,0.9999999999999999,0
0.05,0.9969933938111584,0
0.1,0.9818444604032514,1
0.15,0.9587709278361497,1
0.2,0.9330938175894836,1
0.25,0.9057566718477494,1
0.3,0.87240307261067,1
0.35,0.8321271500904556,1
0.4,0.7811854862188665,1
0.45,0.7178749212551041,1
0.5,0.6416171180612683,1
0.55,0.5565662574365512,1
0.6,0.46834479808407414,1
0.65,0.3830792561440498,1
0.7,0.30573448270069986,1
0.75,0.23797052277192987,1
0.8,0.18040486527606098,1
0.85,0.13310731006922122,1
0.9,0.09321973719735184,1
0.95,0.058869664353586676,1
1.0,0.00899228286657824,1
0.0,1.0,1
0.05,0.994005669714335,1
0.1,0.978096412606753,1
0.15,0.9471777046172236,1
0.2,0.8962582403228302,1
0.25,0.8376825847257406,1
0.3,0.7797447311496309,1
0.35,0.6980290388332344,1
0.4,0.613311273367488,1
0.45,0.5245437418072961,1
0.5,0.4366661625137214,1
0.55,0.3533925083883623,1
0.6,0.2850147236265794,1
0.65,0.2220789625692238,1
0.7,0.17509809684987201,1
0.75,0.12877643723102267,1
0.8,0.0918989161420647,1
0.85,0.07592252656894914,1
0.9,0.05616545339608392,1
0.95,0.03600400461209518,1
1.0,0.027107424020496717,1
0.0,0.9999999999999999,0
0.05,0.998587124799775,0
0.1,0.9931608654146186,0
0.15,0.982892075138155,1
0.2,0.9667709765107088,1
0.25,0.9446744473914757,1
0.3,0.9156707257767741,1
0.35,0.8741180494819483,1
0.4,0.8220143432440237,1
0.45,0.7568225932493747,1
0.5,0.6771873160276128,1
0.55,0.5876055201707772,1
0.6,0.49346126788041067,1
0.65,0.4024000768977265,1
0.7,0.3198000571279157,1
0.75,0.24844258151072637,1
0.8,0.18857266797955055,1
0.85,0.13871598110357347,1
0.9,0.09769518018941083,1
0.95,0.06304347847650228,1
1.0,0.01422706265070384,1
0.0,1.0,0
0.05,0.9990232164513853,0
0.1,0.9939306152142047,0
0.15,0.9846973420143099,0
0.2,0.9709049950735222,1
0.25,0.9557999479581215,1
0.3,0.9373383973471417,1
0.35,0.9097471995876771,1
0.4,0.8738543853247352,1
0.45,0.8179181478559301,1
0.5,0.7499770011839609,1
0.55,0.6767306364053692,1
0.6,0.5927188679026987,1
0.65,0.498276983228018,1
0.7,0.3990045914722796,1
0.75,0.31799527495171276,1
0.8,0.24338663963162652,1
0.85,0.18045916805604442,1
0.9,0.12677381390629527,1
0.95,0.07786028353337826,1
1.0,0.005942302767886324,1
0.0,1.0,0
0.05,0.9988590234429119,0
0.1,0.9945292005063237,1
0.15,0.9861001198746828,1
0.2,0.9724347456513097,1
0.25,0.9544550807357174,1
0.3,0.9326462444254535,1
0.35,0.9019655087932911,1
0.4,0.8616571869265395,1
0.45,0.8111894819878342,1
0.5,0.7460645145290934,1
0.55,0.6641630569334607,1
0.6,0.5721898674407301,1
0.65,0.4764636048418837,1
0.7,0.384043649252203,1
0.75,0.30016005108384936,1
0.8,0.2275526881871981,1
0.85,0.16715637334305639,1
0.9,0.11653569609972177,1
0.95,0.0724867811328724,1
1.0,0.0081912235780979,1
0.0,0.9999999999999999,1
0.05,0.9929520332015915,1
0.1,0.9715826089674947,1
0.15,0.9324117917835792,1
0.2,0.8723970339772465,1
0.25,0.822854339294466,1
0.3,0.7558402565319453,1
0.35,0.6491175345657121,1
0.4,0.5683766450767812,1
0.45,0.506039656671112,1
0.5,0.43187332688017255,1
0.55,0.35675981303301163,1
0.6,0.2675835734270429,1
0.65,0.1945972116607928,1
0.7,0.13992101240606394,1
0.75,0.11912130293960511,1
0.8,0.08501853429692245,1
0.85,0.060739136275172356,1
0.9,0.04017360147024014,1
0.95,0.021434263444417775,1
1.0,-0.006332063640967234,1
0.0,1.0,1
0.05,0.9987830852116173,0
0.1,0.9892840628028301,0
0.15,0.9731872204505903,1
0.2,0.9583095294776185,1
0.25,0.9431293993503516,1
0.3,0.9217382696976102,1
0.35,0.888443034702863,1
0.4,0.8390091518340398,1
0.45,0.7625508449765257,1
0.5,0.6649725233584742,1
0.55,0.5721293803222268,1
0.6,0.4735704470627377,1
0.65,0.3847852987243639,1
0.7,0.3069708655141218,1
0.75,0.23036157121352455,1
0.8,0.1762112342311027,1
0.85,0.12952073907328823,1
0.9,0.08175406554939153,1
0.95,0.04113966574906209,1
1.0,-0.021762643582895955,1
0.0,1.0,0
0.05,0.9981218623782735,0
0.1,0.9847877855942481,1
0.15,0.9614733752956396,1
0.2,0.9404438050760628,1
0.25,0.9169548577191768,1
0.3,0.8883768393605365,1
0.35,0.8491711093682919,1
0.4,0.8043074378436186,1
0.45,0.7458839423343965,1
0.5,0.6717623170040616,1
0.55,0.5903258833813712,1
0.6,0.5035232754451636,1
0.65,0.41553763271706196,1
0.7,0.33251267448544597,1
0.75,0.2591267218890274,1
0.8,0.1957089886061133,1
0.85,0.14467253430553545,1
0.9,0.10146978004401312,1
0.95,0.06319988202425864,1
1.0,0.008156902818721185,1
0.0,1.0,0
0.05,0.9955337222157569,0
0.1,0.9775032524051747,0
0.15,0.9457713244600853,1
0.2,0.9028237544398142,1
0.25,0.8643948800714967,1
0.3,0.806005928502875,1
0.35,0.742058406666133,1
0.4,0.6542264122820436,1
0.45,0.5960256885401768,1
0.5,0.5144710028910531,1
0.55,0.4368861486783711,1
0.6,0.35697734472934467,1
0.65,0.28380332086053617,1
0.7,0.22701263240552896,1
0.75,0.17706869975101824,1
0.8,0.13591139182484283,1
0.85,0.10208212604540266,1
0.9,0.07498364055131491,1
0.95,0.05329724997881956,1
1.0,0.02559956434333476,1
0.0,1.0,0
0.05,0.9984248315249845,0
0.1,0.9941083594745234,0
0.15,0.9860398759250264,0
0.2,0.9728645820354165,0
0.25,0.9460729929251847,1
0.3,0.9067924357217667,1
0.35,0.8312953813106639,1
0.4,0.7425224049326286,1
0.45,0.6478185440483846,1
0.5,0.5403974244988414,1
0.55,0.4472696462847651,1
0.6,0.3676480721325562,1
0.65,0.29069591015725377,1
0.7,0.22337568891855925,1
0.75,0.1654895754756451,1
0.8,0.12385754407609292,1
0.85,0.09279123408787394,1
0.9,0.06760625856030332,1
0.95,0.04540077901133627,1
1.0,0.013357161097876906,1
0.0,1.0,0
0.05,0.9979877677564135,0
0.1,0.9909924798053958,0
0.15,0.9775285968757843,0
0.2,0.9546850075737798,1
0.25,0.9194027069327091,1
0.3,0.8637180506477193,1
0.35,0.7821552943935104,1
0.4,0.6999240716804785,1
0.45,0.598628901611452,1
0.5,0.4910672048236918,1
0.55,0.39606088913425735,1
0.6,0.30944966467844204,1
0.65,0.24382403568022845,1
0.7,0.19916440304315308,1
0.75,0.16074539943813154,1
0.8,0.12410808716207399,1
0.85,0.09446057946018516,1
0.9,0.07120957323291646,1
0.95,0.052294101432054284,1
1.0,0.03179047148514889,1
0.0,1.0,0
0.05,0.9961352099932007,0
0.1,0.960935394315406,1
0.15,0.8975799680496259,1
0.2,0.8379940989990564,1
0.25,0.7959475877521051,1
0.3,0.8068685492451871,1
0.35,0.7923537664638182,1
0.4,0.7490650465687168,1
0.45,0.6859923970498776,1
0.5,0.6234299930811595,1
0.55,0.5537416993736737,1
0.6,0.47080797345069886,1
0.65,0.3864529445542477,1
0.7,0.3105797584441435,1
0.75,0.2419233900948387,1
0.8,0.1822669672234299,1
0.85,0.13225231146489175,1
0.9,0.09100251561605285,1
0.95,0.05788963285074464,1
1.0,0.003313367068829461,1
0.0,1.0,0
0.05,0.9533810401258683,1
0.1,0.9542538518809487,0
0.15,0.8892221004267029,1
0.2,0.627184540444048,1
0.25,0.4006316735084348,1
0.3,0.7260892008366842,1
0.35,0.7234504401032239,1
0.4,0.6861070600748903,1
0.45,0.6332458666979014,1
0.5,0.578235558977168,1
0.55,0.5027868363534653,1
0.6,0.4239159319652416,1
0.65,0.3462411896823699,1
0.7,0.2763639345803035,1
0.75,0.2166109440662601,1
0.8,0.1644116317194526,1
0.85,0.12064663915964548,1
0.9,0.08541230762067509,1
0.95,0.05527451482225642,1
1.0,0.013166795730540934,1
0.0,1.0,1
0.05,0.9951570323160742,1
0.1,0.981105830828033,1
0.15,0.9547026906409625,1
0.2,0.9154127679543246,1
0.25,0.8623696624260999,1
0.3,0.7961110094002789,1
0.35,0.727884303079561,1
0.4,0.6473425758708221,1
0.45,0.5602155839390719,1
0.5,0.4755352031241206,1
0.55,0.39235179094162254,1
0.6,0.3155088236596144,1
0.65,0.2515637276965958,1
0.7,0.19573954981851266,1
0.75,0.14973719074763434,1
0.8,0.11511661941370549,1
0.85,0.08673734380965893,1
0.9,0.06339279629387946,1
0.95,0.042649941819955114,1
1.0,0.017241538278349094,1
0.0,1.0,1
0.05,0.9974042716217826,0
0.1,0.9778477055157561,1
0.15,0.951772683350855,1
0.2,0.9487249598539479,1
0.25,0.8982746776118051,1
0.3,0.789516269984257,1
0.35,0.6284177032241784,1
0.4,0.4610324241535048,1
0.45,0.4406852337662492,1
0.5,0.4244653030710802,1
0.55,0.34697025959170225,1
0.6,0.2786350540624668,1
0.65,0.2212512531544919,1
0.7,0.1765957200554438,1
0.75,0.13913311909459525,1
0.8,0.10818421334017914,1
0.85,0.08303081301073632,1
0.9,0.06315578247445805,1
0.95,0.04549390527744221,1
1.0,0.02099690545939672,1
0.0,1.0,0
0.05,0.9984618662686816,0
0.1,0.9916685636942751,0
0.15,0.9799883767125166,1
0.2,0.9644074106749144,1
0.25,0.9434877859627351,1
0.3,0.9183367780927354,1
0.35,0.8850305501249596,1
0.4,0.843973818127824,1
0.45,0.7932497854039646,1
0.5,0.7275649883651395,1
0.55,0.6497322632746437,1
0.6,0.5607966854629163,1
0.65,0.4686449876195179,1
0.7,0.37915597484313285,1
0.75,0.29850144625612984,1
0.8,0.22813245875848467,1
0.85,0.1678766879448272,1
0.9,0.11756246518630481,1
0.95,0.07325363395381175,1
1.0,0.008263155005535055,1
0.0,1.0,0
0.05,0.9969565274224246,0
0.1,0.9882460757465736,0
0.15,0.9723545413723684,1
0.2,0.9457321036450852,1
0.25,0.8915708479210827,1
0.3,0.8078944757121123,1
0.35,0.7497552097001511,1
0.4,0.6400669088173038,1
0.45,0.5464312123185574,1
0.5,0.4665096643808959,1
0.55,0.4185619211563342,1
0.6,0.3546586360632199,1
0.65,0.27653759451183973,1
0.7,0.2190089882832575,1
0.75,0.16297719658652912,1
0.8,0.1236689928195518,1
0.85,0.09214801716879005,1
0.9,0.063858936313218,1
0.95,0.03522419620139892,1
1.0,0.000724567732339692,1
0.0,0.9999999999999998,0
0.05,0.9992847052855613,0
0.1,0.9959700379743204,0
0.15,0.9894140653626188,0
0.2,0.9792267700628772,1
0.25,0.9635334713095768,1
0.3,0.9415325572163115,1
0.35,0.914055284232484,1
0.4,0.8724771623969617,1
0.45,0.816270876510539,1
0.5,0.7512243069869906,1
0.55,0.6768380497759099,1
0.6,0.589589164729393,1
0.65,0.4976245274557166,1
0.7,0.40573810076760725,1
0.75,0.32072000624173763,1
0.8,0.24631210645603493,1
0.85,0.1827868261529918,1
0.9,0.12799203067507434,1
0.95,0.07850336692802955,1
1.0,0.0048723310240025314,1
0.0,1.0,0
0.05,0.9994261268252866,0
0.1,0.9965453548394413,0
0.15,0.9906907477240641,0
0.2,0.9820096321958461,1
0.25,0.9702477465870936,1
0.3,0.954663366481885,1
0.35,0.933851114511286,1
0.4,0.9028898669753118,1
0.45,0.8612053256317332,1
0.5,0.8031846951224745,1
0.55,0.7282798999386763,1
0.6,0.6407995112816989,1
0.65,0.5429259011778514,1
0.7,0.44547244000589975,1
0.75,0.3519177852642081,1
0.8,0.26784116457220286,1
0.85,0.19845952007934714,1
0.9,0.1394707574301534,1
0.95,0.08722705158126572,1
1.0,0.01027487794404592,1
0.0,1.0,0
0.05,0.9990247758932121,0
0.1,0.9949395799233369,0
0.15,0.9869186892030858,1
0.2,0.9740558816031901,1
0.25,0.955807674409433,1
0.3,0.9306466891527052,1
0.35,0.8958634880830204,1
0.4,0.8456709832659048,1
0.45,0.7867993639402753,1
0.5,0.7121480300723658,1
0.55,0.6261642589622655,1
0.6,0.5336812573160176,1
0.65,0.4385257626384333,1
0.7,0.353041433817464,1
0.75,0.2761829008303097,1
0.8,0.2105096786512022,1
0.85,0.15542823578807807,1
0.9,0.10921860328836058,1
0.95,0.06908608186231088,1
1.0,0.010746552790116012,1
0.0,1.0,0
0.05,0.9983685931640921,0
0.1,0.9913706121004224,0
0.15,0.9777574521364759,1
0.2,0.9553180551076144,1
0.25,0.9216479691198605,1
0.3,0.8829679602913993,1
0.35,0.8258021553709097,1
0.4,0.7590914971542668,1
0.45,0.7032224316382244,1
0.5,0.6327739028280749,1
0.55,0.552399139172826,1
0.6,0.4682510935914696,1
0.65,0.38470958387535753,1
0.7,0.3081673402272392,1
0.75,0.244420395206893,1
0.8,0.18831138096582553,1
0.85,0.1391553548901014,1
0.9,0.09801586510590685,1
0.95,0.058029525473615395,1
1.0,0.0033440364827411733,1
0.0,1.0,0
0.05,0.9984939447461391,0
0.1,0.9910397523756364,0
0.15,0.9771259356467287,1
0.2,0.9568753055474463,1
0.25,0.9329500605206315,1
0.3,0.9028153688506463,1
0.35,0.8643905470008003,1
0.4,0.8135825963022635,1
0.45,0.7471745182011967,1
0.5,0.6689584116731052,1
0.55,0.5835194386401603,1
0.6,0.4940374684685574,1
0.65,0.4056951213994511,1
0.7,0.32294571582130366,1
0.75,0.2504431936087439,1
0.8,0.1889943143444273,1
0.85,0.1394875781870927,1
0.9,0.09807320777195243,1
0.95,0.061849876010840014,1
1.0,0.010061889247404815,1
0.0,1.0,0
0.05,0.9617774128420832,1
0.1,0.9375734367700671,1
0.15,0.8518402607708054,1
0.2,0.6565038508145477,1
0.25,0.6402297035755046,1
0.3,0.6362867840554727,1
0.35,0.6067778897676357,1
0.4,0.49246294078023456,1
0.45,0.38406982580295507,1
0.5,0.3766670953228783,1
0.55,0.35434669824554277,1
0.6,0.28790544481916625,1
0.65,0.24674315847954897,1
0.7,0.21083286096850898,1
0.75,0.1703811472169418,1
0.8,0.1321741337822852,1
0.85,0.09187201320967772,1
0.9,0.06804134482548393,1
0.95,0.04154251400185311,1
1.0,0.006458862393394597,1
0.0,1.0,0
0.05,0.9928207723341214,0
0.1,0.9110752707849561,1
0.15,0.8599650931359898,1
0.2,0.8323651877119924,1
0.25,0.7460842663971272,1
0.3,0.6979786874335066,1
0.35,0.634808031885914,1
0.4,0.49733146127974476,1
0.45,0.46938181319913364,1
0.5,0.4675197402643136,1
0.55,0.4322553042548623,1
0.6,0.3697325777056054,1
0.65,0.29798482614883637,1
0.7,0.23539819836934658,1
0.75,0.18054866441596493,1
0.8,0.14048647677889348,1
0.85,0.1013609104593786,1
0.9,0.06992436613203,1
0.95,0.043888814173738196,1
1.0,-0.0022748604862273167,1
0.0,1.0,0
0.05,0.9965857227588504,0
0.1,0.9880271030916523,0
0.15,0.9710579526845464,0
0.2,0.9410263081136737,1
0.25,0.9058463193276879,1
0.3,0.8585257994421501,1
0.35,0.7968669279399755,1
0.4,0.6944487656879246,1
0.45,0.6139525738522683,1
0.5,0.5222486709878813,1
0.55,0.4375940369065829,1
0.6,0.3547616832410912,1
0.65,0.2789949641384705,1
0.7,0.2275523627946876,1
0.75,0.179939768140397,1
0.8,0.13885551976630686,1
0.85,0.10590655877371492,1
0.9,0.07880637763951102,1
0.95,0.05726975451209147,1
1.0,0.034031565418033455,1
0.0,1.0,0
0.05,0.9972338090778179,1
0.1,0.9863291169970113,1
0.15,0.9669263814129839,1
0.2,0.9387420400417414,1
0.25,0.9025262508205324,1
0.3,0.8580803222199407,1
0.35,0.8026694295743669,1
0.4,0.7353949344165186,1
0.45,0.6574604316715971,1
0.5,0.5717886315378821,1
0.55,0.4830634135946719,1
0.6,0.3977844194837912,1
0.65,0.3195546920408779,1
0.7,0.2520517309512099,1
0.75,0.19477665977804076,1
0.8,0.1475804732119168,1
0.85,0.10920980798961552,1
0.9,0.07750186394185253,1
0.95,0.05005425328247562,1
1.0,0.011418321465208698,1
0.0,1.0,0
0.05,0.9912360056104523,0
0.1,0.8847000156445352,1
0.15,0.8138956867940398,1
0.2,0.763246493897331,1
0.25,0.7237283787885587,1
0.3,0.6673709240156321,1
0.35,0.5893492499180674,1
0.4,0.5325220320152998,1
0.45,0.510252336500572,1
0.5,0.4821824053748771,1
0.55,0.41540104416391205,1
0.6,0.32622292176490264,1
0.65,0.2598104525411818,1
0.7,0.1994550041677067,1
0.75,0.15783909679098018,1
0.8,0.1231234775063917,1
0.85,0.08957338945544144,1
0.9,0.06160523895095551,1
0.95,0.03527660038641857,1
1.0,-0.011168074589971376,1
0.0,0.9999999999999998,0
0.05,0.9991681736262183,0
0.1,0.9947122023874934,0
0.15,0.9860162545823946,0
0.2,0.9733880582733456,1
0.25,0.9541633897015628,1
0.3,0.923004736726773,1
0.35,0.8836869359435628,1
0.4,0.8359185391094093,1
0.45,0.7654215032844952,1
0.5,0.6747572747470948,1
0.55,0.5779052103627282,1
0.6,0.4827975570644337,1
0.65,0.39317550546979235,1
0.7,0.31632785279259884,1
0.75,0.24775107776340233,1
0.8,0.18781418695404647,1
0.85,0.14188244355928623,1
0.9,0.10141345982772709,1
0.95,0.06526697097908402,1
1.0,0.014822548506710168,1
0.0,1.0,0
0.05,0.9992210770707687,0
0.1,0.9958067320543365,0
0.15,0.9882885829555904,0
0.2,0.9752393464987634,1
0.25,0.9580259595651252,1
0.3,0.9229307425996985,1
0.35,0.8682997495877458,1
0.4,0.8061415449184409,1
0.45,0.7257656666059392,1
0.5,0.6323422688431034,1
0.55,0.5365624255234874,1
0.6,0.4505362593930882,1
0.65,0.3623718072968272,1
0.7,0.2777478313400008,1
0.75,0.20641628466724676,1
0.8,0.158251765287977,1
0.85,0.11652296505566419,1
0.9,0.07434853747806264,1
0.95,0.042090528659039166,1
1.0,0.012077663983219354,1
0.0,1.0,0
0.05,0.992312030443714,0
0.1,0.9860129931093429,0
0.15,0.9672312780092069,0
0.2,0.9240071122406337,1
0.25,0.8452928923683,1
0.3,0.7794628003475887,1
0.35,0.6792633807946818,1
0.4,0.5278103744627676,1
0.45,0.4437976725447194,1
0.5,0.4393428228625032,1
0.55,0.382130528963563,1
0.6,0.3098562850919653,1
0.65,0.24969507503751154,1
0.7,0.19725201627616623,1
0.75,0.15469904416079608,1
0.8,0.12042776252271017,1
0.85,0.09352176952808154,1
0.9,0.07218341768866597,1
0.95,0.055498250487328246,1
1.0,0.03866349733780396,1
0.0,1.0,0
0.05,0.9992553998040354,0
0.1,0.9953642173250938,1
0.15,0.9880655157785917,1
0.2,0.9779456202557631,1
0.25,0.9651056724952863,1
0.3,0.94837387391208,1
0.35,0.9272894060806337,1
0.4,0.8991725524056284,1
0.45,0.8560869352098277,1
0.5,0.8022857442499722,1
0.55,0.7318777744936862,1
0.6,0.6449691783690248,1
0.65,0.5483983542593772,1
0.7,0.4519562482873398,1
0.75,0.3588493440915735,1
0.8,0.27600111567403984,1
0.85,0.2046287605835566,1
0.9,0.14249955282015353,1
0.95,0.08742310836939464,1
1.0,0.0038015263585665917,1
0.0,1.0,1
0.05,0.99506630040055,0
0.1,0.9642940218499085,1
0.15,0.919484244184842,1
0.2,0.8744830007102181,1
0.25,0.8191778065316261,1
0.3,0.7526926732654399,1
0.35,0.6977573835956911,1
0.4,0.6417519248111928,1
0.45,0.575399999801828,1
0.5,0.4948906678675853,1
0.55,0.4138387814714444,1
0.6,0.329757852302501,1
0.65,0.25805969431489906,1
0.7,0.2056740268998751,1
0.75,0.1594166916035132,1
0.8,0.1206447372462743,1
0.85,0.08702903345457146,1
0.9,0.059797633345245974,1
0.95,0.03232076464389969,1
1.0,-0.006074424436618107,1
0.0,1.0,0
0.05,0.9975437954353493,0
0.1,0.9873979948986982,0
0.15,0.969881062588769,1
0.2,0.9472011231593168,1
0.25,0.9141088682045743,1
0.3,0.870308261888265,1
0.35,0.8163161109316618,1
0.4,0.7476194017890725,1
0.45,0.6723882429857001,1
0.5,0.5874241409867564,1
0.55,0.496688068106003,1
0.6,0.40871715944571285,1
0.65,0.3315810785209799,1
0.7,0.2613723273233056,1
0.75,0.20180492045549936,1
0.8,0.15325458153104785,1
0.85,0.11266987433383424,1
0.9,0.07990220791904376,1
0.95,0.052028161571691746,1
1.0,0.013486205823002018,1
0.0,1.0,1
0.05,0.9959017798481821,0
0.1,0.9824768034936211,0
0.15,0.9603042799471526,1
0.2,0.9310354269478027,1
0.25,0.8967947421552834,1
0.3,0.7145227915153259,1
0.35,0.5745245793071407,1
0.4,0.5318267328720635,1
0.45,0.4028142902794586,1
0.5,0.28347548095183134,1
0.55,0.23733829638428056,1
0.6,0.1622371767755614,1
0.65,0.13729391152388865,1
0.7,0.11952658500838198,1
0.75,0.09285399550973698,1
0.8,0.06271809397357474,1
0.85,0.03566607814576042,1
0.9,0.003974865628305787,1
0.95,0.005184306745808938,1
1.0,-0.014821546395648639,1
0.0,1.0,0
0.05,0.9986614626230225,0
0.1,0.9934280974300931,0
0.15,0.9832394505866279,1
0.2,0.9666752654406564,1
0.25,0.9383094634350551,1
0.3,0.9012965537116727,1
0.35,0.8538180839330562,1
0.4,0.7950649600811567,1
0.45,0.723949672468897,1
0.5,0.6425964607086322,1
0.55,0.5472750642326133,1
0.6,0.4568229239102765,1
0.65,0.3696593718501296,1
0.7,0.2951908813510499,1
0.75,0.23029218343133206,1
0.8,0.17501408437839003,1
0.85,0.12853990832450912,1
0.9,0.09134797546351428,1
0.95,0.058637360230110354,1
1.0,0.01332443934044437,1
0.0,0.9999999999999999,0
0.05,0.9967744641061836,0
0.1,0.9786568829344878,0
0.15,0.9527069929440504,1
0.2,0.927418339733189,1
0.25,0.8996530165950766,1
0.3,0.862430413281501,1
0.35,0.8095018323210722,1
0.4,0.7447892443312101,1
0.45,0.6685975374795585,1
0.5,0.5853064171111407,1
0.55,0.49686343287688656,1
0.6,0.40994804040280397,1
0.65,0.32872970708870336,1
0.7,0.2589978356093901,1
0.75,0.19819345286305246,1
0.8,0.15042014305016718,1
0.85,0.10285141419180831,1
0.9,0.07431532153562923,1
0.95,0.04967027515361469,1
1.0,0.014662760249503717,1
0.0,0.9999999999999998,0
0.05,0.9970848355421861,0
0.1,0.9873297486434873,1
0.15,0.9686720765948564,1
0.2,0.9400559060556645,1
0.25,0.9041367475549269,1
0.3,0.8566354453524387,1
0.35,0.7941693122100211,1
0.4,0.7171124229636168,1
0.45,0.6347001597941733,1
0.5,0.5439533631675683,1
0.55,0.45395594905770376,1
0.6,0.3698121606144087,1
0.65,0.2946406305084396,1
0.7,0.2303890345068313,1
0.75,0.17726657967617626,1
0.8,0.13378971440052992,1
0.85,0.09986470660263722,1
0.9,0.07129268568578925,1
0.95,0.047156667462186545,1
1.0,0.018127847679893217,1
0.0,1.0,0
0.05,0.9983749364745724,0
0.1,0.9931383688760778,0
0.15,0.9830044535419539,0
0.2,0.9666206013989697,1
0.25,0.9431469793041313,1
0.3,0.908702522059403,1
0.35,0.8612382271209225,1
0.4,0.7946455185240096,1
0.45,0.7027320638603649,1
0.5,0.6035601279660006,1
0.55,0.4983744877914472,1
0.6,0.4008217765551076,1
0.65,0.3106050102837338,1
0.7,0.24242873558133252,1
0.75,0.19071972011278096,1
0.8,0.14639867273461674,1
0.85,0.11026860971733954,1
0.9,0.08269824999790504,1
0.95,0.06056461864342142,1
1.0,0.034321664154536705,1
0.0,1.0,0
0.05,0.9984112809476814,0
0.1,0.9919970967818301,0
0.15,0.9799531592484223,1
0.2,0.9613715828652636,1
0.25,0.9353762230838975,1
0.3,0.8998701508955557,1
0.35,0.8537318163510642,1
0.4,0.7944211969550005,1
0.45,0.7216154411198863,1
0.5,0.6371049329078845,1
0.55,0.5452988437460153,1
0.6,0.4520612495729636,1
0.65,0.36623732421676397,1
0.7,0.29049346563884226,1
0.75,0.22536023033452943,1
0.8,0.17107053417068632,1
0.85,0.12673864002357868,1
0.9,0.08979515792732164,1
0.95,0.058057416411426435,1
1.0,0.012978067633910066,1
0.0,1.0,0
0.05,0.9957518650420427,0
0.1,0.9728016031835458,0
0.15,0.9349655310446507,1
0.2,0.8977057254377054,1
0.25,0.8086070435551168,1
0.3,0.7419603272651653,1
0.35,0.7106214667498368,1
0.4,0.6621678266164377,1
0.45,0.6141501229106895,1
0.5,0.5354673553431174,1
0.55,0.4658641079109401,1
0.6,0.39078516953773423,1
0.65,0.31904246494821786,1
0.7,0.2524266964223391,1
0.75,0.19666965729105443,1
0.8,0.15027519743801007,1
0.85,0.1128854024725827,1
0.9,0.08060736641319313,1
0.95,0.05292754642958191,1
1.0,0.01660849419481204,1
0.0,0.9999999999999998,0
0.05,0.9972903149732819,1
0.1,0.9879077310690645,1
0.15,0.9706632413541909,1
0.2,0.9448426709609822,1
0.25,0.9044808232597853,1
0.3,0.8596169857852697,1
0.35,0.8097901945068052,1
0.4,0.7476887229300608,1
0.45,0.6704476642823776,1
0.5,0.5943864007176903,1
0.55,0.5100216402753078,1
0.6,0.42493665728216595,1
0.65,0.3430732344447262,1
0.7,0.2738330488097617,1
0.75,0.21268037774345408,1
0.8,0.16185537301997613,1
0.85,0.11970418990530172,1
0.9,0.08413338218878888,1
0.95,0.0538963571674572,1
1.0,0.01111609237910574,1
0.0,1.0,1
0.05,0.9928608714683084,1
0.1,0.9701104681953433,1
0.15,0.9316036102299513,1
0.2,0.8808554238102334,1
0.25,0.8138163263220793,1
0.3,0.7401402218133195,1
0.35,0.6575902175011443,1
0.4,0.5746005319301422,1
0.45,0.49768334023728045,1
0.5,0.4277980610965836,1
0.55,0.3629828439543007,1
0.6,0.31065566616975293,1
0.65,0.2654105078646034,1
0.7,0.22716767038340602,1
0.75,0.19283768888375083,1
0.8,0.15772634698205584,1
0.85,0.1352740023280495,1
0.9,0.1182047765120109,1
0.95,0.10035815682286481,1
1.0,-0.13235190574781563,1
0.0,1.0,0
0.05,0.9881335535349868,0
0.1,0.9641608636701,0
0.15,0.8950311231359446,1
0.2,0.8470333451602101,1
0.25,0.7123364538676644,1
0.3,0.6004452102521073,1
0.35,0.5027566569663,1
0.4,0.5521320265281111,1
0.45,0.5522514911406922,1
0.5,0.4730598480914171,1
0.55,0.3835934383908627,1
0.6,0.32727137527573225,1
0.65,0.26985416281130803,1
0.7,0.2073486388178076,1
0.75,0.1577303138187268,1
0.8,0.11734541330149126,1
0.85,0.08900275373063923,1
0.9,0.06024582265583577,1
0.95,0.038472339149097784,1
1.0,0.006169217402167218,1
0.0,1.0,0
0.05,0.9978557372620238,0
0.1,0.9897821011588088,1
0.15,0.9737093289371844,1
0.2,0.9453953276799774,1
0.25,0.9041559970505699,1
0.3,0.8593963798413231,1
0.35,0.8053075776538159,1
0.4,0.73350168987767,1
0.45,0.6479270888794094,1
0.5,0.5535875645743499,1
0.55,0.4591802512961967,1
0.6,0.37540007171205025,1
0.65,0.29785765455919805,1
0.7,0.23328723076283173,1
0.75,0.1785087488209755,1
0.8,0.13422585542578655,1
0.85,0.09723614475726096,1
0.9,0.06933185386603297,1
0.95,0.04478296951936207,1
1.0,0.006842361903469218,1
0.0,1.0,0
0.05,0.9988764831846946,0
0.1,0.9915486130559825,0
0.15,0.9775784497539945,1
0.2,0.9626281628951496,1
0.25,0.940165496056863,1
0.3,0.9039885168980211,1
0.35,0.8578961139057985,1
0.4,0.8073340095032514,1
0.45,0.7400517923267671,1
0.5,0.6573898980663639,1
0.55,0.552506717167965,1
0.6,0.46532559424741093,1
0.65,0.3714777116917273,1
0.7,0.30548941005731184,1
0.75,0.24095121632233157,1
0.8,0.1816275769109924,1
0.85,0.1303442332739402,1
0.9,0.09255105803588577,1
0.95,0.053565567432977475,1
1.0,-0.003962695581017099,1
0.0,1.0,0
0.05,0.9988513693363342,0
0.1,0.9927262251872667,0
0.15,0.981091572354804,1
0.2,0.964539576025621,1
0.25,0.9383399219321107,1
0.3,0.8971628149448218,1
0.35,0.8285513452543165,1
0.4,0.7586457942615058,1
0.45,0.6519700788970408,1
0.5,0.5540532039769053,1
0.55,0.457609483796983,1
0.6,0.37579691403226695,1
0.65,0.30227825737228786,1
0.7,0.24583064647224134,1
0.75,0.18953318468047903,1
0.8,0.1450096285076162,1
0.85,0.11031673887988054,1
0.9,0.07420117801398748,1
0.95,0.048598648210035594,1
1.0,-0.002945971986590007,1
0.0,1.0,0
0.05,0.9990852892122649,0
0.1,0.9951490322110826,0
0.15,0.9875855599376533,0
0.2,0.9750225775324532,1
0.25,0.9597735270206649,1
0.3,0.9373065497668945,1
0.35,0.9130635600912549,1
0.4,0.8815925301425949,1
0.45,0.8374907456313537,1
0.5,0.7783083453158371,1
0.55,0.6971930526896876,1
0.6,0.6058859759032434,1
0.65,0.5107100808936674,1
0.7,0.4181436094662206,1
0.75,0.3321885799034428,1
0.8,0.2558077730124523,1
0.85,0.18845132529695788,1
0.9,0.13158931053623904,1
0.95,0.08171643994179341,1
1.0,0.004727145363021439,1
0.0,1.0,0
0.05,0.9983849129174842,0
0.1,0.9908292506568473,0
0.15,0.9766250581477165,1
0.2,0.955907185077647,1
0.25,0.9240481431560074,1
0.3,0.8740630498285923,1
0.35,0.804747197446908,1
0.4,0.7329755314726961,1
0.45,0.6309703849039029,1
0.5,0.5443871371012213,1
0.55,0.46228140615431973,1
0.6,0.36942758755974986,1
0.65,0.3099682381317819,1
0.7,0.24693695193547535,1
0.75,0.195824598216325,1
0.8,0.15254727981103341,1
0.85,0.1103652042160007,1
0.9,0.0737489158691635,1
0.95,0.04413704738734839,1
1.0,-0.007342749491166351,1
0.0,1.0,0
0.05,0.9944673423293134,0
0.1,0.9573699172138717,1
0.15,0.9043106295105549,1
0.2,0.8885054288090586,1
0.25,0.8469415022981129,1
0.3,0.8094269614916493,1
0.35,0.7397427349223139,1
0.4,0.6360503332124329,1
0.45,0.4966004467185533,1
0.5,0.41346078292791777,1
0.55,0.3419211854975581,1
0.6,0.2782670642730796,1
0.65,0.20384106236885022,1
0.7,0.16697874038944188,1
0.75,0.13514487542920775,1
0.8,0.10466236253822081,1
0.85,0.08024458481108779,1
0.9,0.058000105905357334,1
0.95,0.04300492980844171,1
1.0,0.02082612362637217,1
0.0,1.0,0
0.05,0.9977207999602578,0
0.1,0.9892486944822273,1
0.15,0.9740229894989343,1
0.2,0.9491073177685735,1
0.25,0.9194006318896051,1
0.3,0.8847907595820156,1
0.35,0.8478827674730431,1
0.4,0.8014667872957527,1
0.45,0.7434752150021833,1
0.5,0.6745634866604929,1
0.55,0.5953370573077715,1
0.6,0.5087197708743509,1
0.65,0.4204635618822396,1
0.7,0.33723180830651045,1
0.75,0.2634470285735528,1
0.8,0.20069623741314854,1
0.85,0.14777368060232013,1
0.9,0.10355044222948893,1
0.95,0.06440550463572108,1
1.0,0.008070423330360971,1
0.0,1.0,0
0.05,0.9984852743047272,0
0.1,0.9898669180310632,0
0.15,0.975328420631326,1
0.2,0.9593623645895292,1
0.25,0.9264198427136905,1
0.3,0.8799789824145227,1
0.35,0.8215417404085937,1
0.4,0.7601887193003041,1
0.45,0.6887987178284399,1
0.5,0.6105689165564908,1
0.55,0.5226353366669698,1
0.6,0.43253830669361887,1
0.65,0.3489908121317952,1
0.7,0.2760413611097032,1
0.75,0.21554896265003037,1
0.8,0.16494561511556094,1
0.85,0.12208456139220335,1
0.9,0.08589457999212802,1
0.95,0.05554172916739822,1
1.0,0.008981907002563934,1
0.0,1.0,0
0.05,0.9953734153099358,0
0.1,0.9811560993477895,1
0.15,0.9567022622105387,1
0.2,0.9206197414516842,1
0.25,0.871435566558936,1
0.3,0.8168266497147704,1
0.35,0.7394560605219945,1
0.4,0.6468270931223605,1
0.45,0.5246892803557024,1
0.5,0.42235696175178455,1
0.55,0.3490278374239913,1
0.6,0.2804573318658846,1
0.65,0.23971680624729205,1
0.7,0.1954058877876582,1
0.75,0.15674170052381334,1
0.8,0.11900946001392737,1
0.85,0.08695776977569009,1
0.9,0.06341876729828949,1
0.95,0.04251670159458485,1
1.0,0.015848612496535464,1
0.0,1.0,0
0.05,0.9991275703941441,0
0.1,0.9945094365854951,0
0.15,0.9857392132462554,0
0.2,0.9719178632439829,1
0.25,0.9546779468070591,1
0.3,0.9332180327973266,1
0.35,0.8916554177691963,1
0.4,0.8310276178572288,1
0.45,0.7641530483444375,1
0.5,0.6695902906860519,1
0.55,0.572281089398918,1
0.6,0.4759867585118219,1
0.65,0.38556028066722814,1
0.7,0.30379691605628306,1
0.75,0.23669638638918816,1
0.8,0.17274419675461555,1
0.85,0.12970135242511258,1
0.9,0.08971950815786797,1
0.95,0.05369382438336059,1
1.0,-0.0048612602897765665,1
0.0,1.0,0
0.05,0.9981873986153974,0
0.1,0.992961377312399,0
0.15,0.9831479227965765,0
0.2,0.9663985125325081,1
0.25,0.9405773942709389,1
0.3,0.9066923926260011,1
0.35,0.8595513542214696,1
0.4,0.7999645710590779,1
0.45,0.7280296737204941,1
0.5,0.64420295419205,1
0.55,0.5501850120831143,1
0.6,0.45558422775823265,1
0.65,0.36401158886093476,1
0.7,0.28718266627369843,1
0.75,0.21911275126932475,1
0.8,0.1684634136265307,1
0.85,0.12515808769335365,1
0.9,0.08999701722290039,1
0.95,0.05912393964100431,1
1.0,0.018154079673911232,1
0.0,1.0,0
0.05,0.9986731121690181,0
0.1,0.9897268735455302,0
0.15,0.9748945535719353,0
0.2,0.9601685103273039,1
0.25,0.9414625552073682,1
0.3,0.9163869395772563,1
0.35,0.8768962945857331,1
0.4,0.8314154753745312,1
0.45,0.7745757261025421,1
0.5,0.7094866111128278,1
0.55,0.6268750222004315,1
0.6,0.5407949030766694,1
0.65,0.44568414506443194,1
0.7,0.3574976988084934,1
0.75,0.2810667740571554,1
0.8,0.21010513075937967,1
0.85,0.15547169228339536,1
0.9,0.10943271059589525,1
0.95,0.07190153375271542,1
1.0,0.012978608275741271,1
0.0,0.9999999999999999,0
0.05,0.9991287859848638,0
0.1,0.9951736116783713,0
0.15,0.987668045432693,1
0.2,0.9764944427656801,1
0.25,0.9612545992873015,1
0.3,0.9409230348851088,1
0.35,0.9134029302754131,1
0.4,0.8787982236015227,1
0.45,0.8315152738122384,1
0.5,0.769634654110691,1
0.55,0.6920744349745759,1
0.6,0.6030713164037759,1
0.65,0.508629775281387,1
0.7,0.41557022060168697,1
0.75,0.328285023625712,1
0.8,0.25223005128423365,1
0.85,0.18682973119410068,1
0.9,0.1314033105946082,1
0.95,0.08214854080274239,1
1.0,0.009473769737982888,1
0.0,1.0,0
0.05,0.997586649194651,0
0.1,0.9695649736044595,1
0.15,0.9310750971127583,1
0.2,0.9189819484288154,1
0.25,0.904165491307248,1
0.3,0.8793152413325596,1
0.35,0.8419915756787992,1
0.4,0.7774521888419602,1
0.45,0.6908899904704353,1
0.5,0.6012354871833896,1
0.55,0.5332976127003617,1
0.6,0.45871633541831985,1
0.65,0.38100482124090307,1
0.7,0.3053827039317951,1
0.75,0.23867951434553628,1
0.8,0.18355660742929583,1
0.85,0.1349659370383448,1
0.9,0.09312311232749049,1
0.95,0.06091870447717096,1
1.0,0.010101147900056387,1
0.0,0.9999999999999999,0
0.05,0.9981292692773367,0
0.1,0.9907426345938707,0
0.15,0.9772526426601427,1
0.2,0.9573080562949673,1
0.25,0.9272378816334295,1
0.3,0.8948644801018625,1
0.35,0.8488995666776371,1
0.4,0.7946419598269806,1
0.45,0.736558590377362,1
0.5,0.661624449431,1
0.55,0.578903614071812,1
0.6,0.49156085749127926,1
0.65,0.40389949988243495,1
0.7,0.3251050368835948,1
0.75,0.25408192003803365,1
0.8,0.19220423898830036,1
0.85,0.13923862651191488,1
0.9,0.0970391858932566,1
0.95,0.06150127323726378,1
1.0,0.007794345334850086,1
0.0,1.0,0
0.05,0.9982428880572833,0
0.1,0.9910376660855208,0
0.15,0.9776520167475833,1
0.2,0.9572375521850746,1
0.25,0.93299842156077,1
0.3,0.9028822113330685,1
0.35,0.8646686226888869,1
0.4,0.8130211089734959,1
0.45,0.7423546575067111,1
0.5,0.6349266984819083,1
0.55,0.5519963871055752,1
0.6,0.4592429644030604,1
0.65,0.37073945237576994,1
0.7,0.29899009104028407,1
0.75,0.23465549870006502,1
0.8,0.17874918590917724,1
0.85,0.13193567789613597,1
0.9,0.09068010245232072,1
0.95,0.058739707796923474,1
1.0,0.011663710835682947,1
0.0,0.9999999999999999,0
0.05,0.9980564830010068,0
0.1,0.991552880690918,0
0.15,0.9782387376692031,1
0.2,0.9533353388905477,1
0.25,0.9208363312864438,1
0.3,0.8682562641011469,1
0.35,0.8232822253032831,1
0.4,0.7705253427872821,1
0.45,0.7148229504245497,1
0.5,0.6377269026632647,1
0.55,0.5534559418179221,1
0.6,0.4592169953158052,1
0.65,0.37829721381958437,1
0.7,0.3021083367711963,1
0.75,0.2361244892108311,1
0.8,0.1814887445918527,1
0.85,0.13466352609858998,1
0.9,0.09462448701119285,1
0.95,0.05720103599396445,1
1.0,0.0024243582901358183,1
0.0,1.0,0
0.05,0.9983866062072713,0
0.1,0.9920517309376238,0
0.15,0.9803727807158846,1
0.2,0.9624813760463252,1
0.25,0.9385020958035164,1
0.3,0.9070917803191542,1
0.35,0.8672360902033264,1
0.4,0.8162892997490191,1
0.45,0.7504427667262308,1
0.5,0.674304780114309,1
0.55,0.5884526679872383,1
0.6,0.4981953534013884,1
0.65,0.4088615944461417,1
0.7,0.32728937310164513,1
0.75,0.25539045801189364,1
0.8,0.19434409529925303,1
0.85,0.14389157501875321,1
0.9,0.10161843260158848,1
0.95,0.06480723239544563,1
1.0,0.011705469170087334,1
0.0,1.0,0
0.05,0.9978423804648614,0
0.1,0.9886184877028578,0
0.15,0.9730454337568071,0
0.2,0.9232075498128748,1
0.25,0.927865661041888,1
0.3,0.8868469580485718,1
0.35,0.8440301244879734,1
0.4,0.7638221939353662,1
0.45,0.6643319679910002,1
0.5,0.5589219043387648,1
0.55,0.42222808415524843,1
0.6,0.33947952145215404,1
0.65,0.27510111376657104,1
0.7,0.21788746598242384,1
0.75,0.16551693958432992,1
0.8,0.1291603845585025,1
0.85,0.09723605057266035,1
0.9,0.07226174494118127,1
0.95,0.05051159402671729,1
1.0,0.020392935633616563,1
0.0,1.0,0
0.05,0.9983958743756112,0
0.1,0.9871307294196622,0
0.15,0.9569964405225423,1
0.2,0.9541913061040187,1
0.25,0.9318232153773518,1
0.3,0.895249172269164,1
0.35,0.8324780399988867,1
0.4,0.7443802749811832,1
0.45,0.6057084654496049,1
0.5,0.5082205634399731,1
0.55,0.42094767899645824,1
0.6,0.34787390726091605,1
0.65,0.28627554805918093,1
0.7,0.21988243909368005,1
0.75,0.1742212437203834,1
0.8,0.12063580926783693,1
0.85,0.08845700154932017,1
0.9,0.06548471496789149,1
0.95,0.04753789189072791,1
1.0,0.009074499694463355,1
0.0,1.0,0
0.05,0.999050494397981,0
0.1,0.9951566347120134,0
0.15,0.9876625861644858,1
0.2,0.9759655403305169,1
0.25,0.9596558163795336,1
0.3,0.9374706768079949,1
0.35,0.9070351110347502,1
0.4,0.86313829896375,1
0.45,0.8071173535148553,1
0.5,0.7367943792332579,1
0.55,0.6449341325125226,1
0.6,0.5522741394191185,1
0.65,0.4579488881000531,1
0.7,0.36958934690365414,1
0.75,0.28991340231719603,1
0.8,0.22163872317463842,1
0.85,0.16396812884750936,1
0.9,0.11539214705316783,1
0.95,0.07240359918732371,1
1.0,0.009351135084617023,1
0.0,0.9999999999999998,0
0.05,0.9991780865830481,0
0.1,0.995763249990209,0
0.15,0.9891143515234055,0
0.2,0.9785097477939214,1
0.25,0.9608097089587905,1
0.3,0.9401021384741309,1
0.35,0.9076352633488968,1
0.4,0.8699177063622785,1
0.45,0.8254759657766427,1
0.5,0.7643519529839116,1
0.55,0.6887656442559894,1
0.6,0.6034981938491124,1
0.65,0.5082297286332429,1
0.7,0.4174106038605438,1
0.75,0.32882827554703836,1
0.8,0.25048795758288894,1
0.85,0.1818486817495495,1
0.9,0.12529121480524807,1
0.95,0.07669057672532555,1
1.0,0.002970012104213003,1
0.0,0.9999999999999999,0
0.05,0.9992537125947347,0
0.1,0.9952556530790092,0
0.15,0.9876637789655961,0
0.2,0.9777942108170091,1
0.25,0.9657537401318951,1
0.3,0.9490106455487025,1
0.35,0.9300754346902188,1
0.4,0.9052716070685367,1
0.45,0.8711457390112384,1
0.5,0.8242871603342077,1
0.55,0.7624847394121284,1
0.6,0.6837713689449736,1
0.65,0.5909648016576793,1
0.7,0.4939530266412205,1
0.75,0.395846840588736,1
0.8,0.3041338572389022,1
0.85,0.22573456010266948,1
0.9,0.15865338372153687,1
0.95,0.09909199557325774,1
1.0,0.006744070339364576,1
0.0,1.0,1
0.05,0.9925466852892203,1
0.1,0.9779605795575277,1
0.15,0.9570512365503423,1
0.2,0.9362359938901713,1
0.25,0.7368685850733276,1
0.3,0.6113552307203008,1
0.35,0.5031892788395631,1
0.4,0.3767641640150103,1
0.45,0.4017208294339488,1
0.5,0.3671283346069768,1
0.55,0.28186624253163145,1
0.6,0.2534276926106853,1
0.65,0.21904858293463741,1
0.7,0.16918164211878103,1
0.75,0.1247223693455772,1
0.8,0.05979402451258368,1
0.85,0.03434645961124825,1
0.9,0.02186137624078073,1
0.95,0.014028382012610934,1
1.0,-0.019126728038155714,1
0.0,1.0,0
0.05,0.9971759223760407,1
0.1,0.9848626286025588,1
0.15,0.9639384045434536,1
0.2,0.9365017132709941,1
0.25,0.9020360367004073,1
0.3,0.8589933508698689,1
0.35,0.8101524962787161,1
0.4,0.7567382976076048,1
0.45,0.6927833277385629,1
0.5,0.6165535357835247,1
0.55,0.532412353707206,1
0.6,0.44497541353735853,1
0.65,0.36049765104348624,1
0.7,0.28537151834472047,1
0.75,0.22078765662765523,1
0.8,0.1670689030052832,1
0.85,0.12274546052942899,1
0.9,0.0860044449763828,1
0.95,0.05432910310534651,1
1.0,0.008519111273663536,1
0.0,1.0,0
0.05,0.9976007098277224,1
0.1,0.9855730875191383,1
0.15,0.9643600406411558,1
0.2,0.9367743024269671,1
0.25,0.9022335863096419,1
0.3,0.8593206891698381,1
0.35,0.8062228046837248,1
0.4,0.7422299227597509,1
0.45,0.6678610268292252,1
0.5,0.5916851023061891,1
0.55,0.5069530557470302,1
0.6,0.42119483422238674,1
0.65,0.3404349405507945,1
0.7,0.2693716180610233,1
0.75,0.20886401710230681,1
0.8,0.15801572628710903,1
0.85,0.11631319560133409,1
0.9,0.0819541048623682,1
0.95,0.0524361866345536,1
1.0,0.010051869624439628,1
0.0,1.0,1
0.05,0.9957903859387729,1
0.1,0.9768264102374442,1
0.15,0.9433651679560862,1
0.2,0.9124127005815338,1
0.25,0.8635242797799071,1
0.3,0.7805065311675796,1
0.35,0.6770960492743535,1
0.4,0.5842893854613499,1
0.45,0.47471530914185567,1
0.5,0.37002158968493265,1
0.55,0.2934555453460445,1
0.6,0.2692293127377194,1
0.65,0.21947848121240965,1
0.7,0.17712749609258222,1
0.75,0.1416508409562879,1
0.8,0.10841106499679777,1
0.85,0.08594289963197976,1
0.9,0.058239693619129625,1
0.95,0.03963388281633666,1
1.0,0.034262987282573945,1
0.0,1.0,0
0.05,0.9913245450217475,1
0.1,0.9266751516603352,1
0.15,0.8128541129239071,1
0.2,0.78191739405482,1
0.25,0.8129853018896847,1
0.3,0.7609165097269539,1
0.35,0.6386595764131849,1
0.4,0.47145121004423124,1
0.45,0.4407328205992825,1
0.5,0.5483684314529765,1
0.55,0.42053067474885897,1
0.6,0.3326850161204022,1
0.65,0.24833621342149512,1
0.7,0.19424883759465875,1
0.75,0.15200863216426597,1
0.8,0.11962448666974031,1
0.85,0.08894488983201482,1
0.9,0.06507926215627584,1
0.95,0.04630858017156085,1
1.0,0.024301699791292625,1
0.0,1.0,0
0.05,0.9817755821253183,1
0.1,0.9630767602145648,1
0.15,0.9052408647257998,1
0.2,0.7174585856233625,1
0.25,0.6713131339651778,1
0.3,0.5094316806651377,1
0.35,0.421180612325766,1
0.4,0.343197138737377,1
0.45,0.21822268770740466,1
0.5,0.2938222072826061,1
0.55,0.37606708712689974,1
0.6,0.32753569460415316,1
0.65,0.27201990231913475,1
0.7,0.21812989052980236,1
0.75,0.17481318181137992,1
0.8,0.12229627188308977,1
0.85,0.09339303998463483,1
0.9,0.07060366895742184,1
0.95,0.04478105188014404,1
1.0,0.009478999786353685,1
0.0,1.0,0
0.05,0.9973564459373037,0
0.1,0.9831235386881997,0
0.15,0.9612151880847646,1
0.2,0.9379166525509826,1
0.25,0.9136186213234383,1
0.3,0.8866040569551011,1
0.35,0.8532195616670898,1
0.4,0.8097575511550378,1
0.45,0.754886042739331,1
0.5,0.6894539630028831,1
0.55,0.6135680399744016,1
0.6,0.5296720485857909,1
0.65,0.4420529492179882,1
0.7,0.35891228533292013,1
0.75,0.2825732672413852,1
0.8,0.21539543929210578,1
0.85,0.15898281113980542,1
0.9,0.10997476469694495,1
0.95,0.06740582805643096,1
1.0,0.003920419304178236,1
0.0,1.0,0
0.05,0.9982696983929112,0
0.1,0.9899946461623466,1
0.15,0.9753107766020683,1
0.2,0.9556507944757122,1
0.25,0.9309805977385395,1
0.3,0.900708503929296,1
0.35,0.8644221125985567,1
0.4,0.8192048030486012,1
0.45,0.7620811251100542,1
0.5,0.6915643974583616,1
0.55,0.6089302294102916,1
0.6,0.519736121245314,1
0.65,0.42992542180253096,1
0.7,0.3463726860467934,1
0.75,0.2708461612076421,1
0.8,0.2058983921926162,1
0.85,0.15111820138943333,1
0.9,0.1054017794918235,1
0.95,0.06519408189535031,1
1.0,0.005988340838606472,1
0.0,0.9999999999999999,0
0.05,0.9988444511589256,0
0.1,0.9937957653037576,1
0.15,0.9841532404574308,1
0.2,0.9695245729521534,1
0.25,0.9498652360393262,1
0.3,0.9240666171229364,1
0.35,0.8899523174154548,1
0.4,0.8448119093184997,1
0.45,0.7856223661499612,1
0.5,0.7091276472352012,1
0.55,0.6125897748722344,1
0.6,0.5194577297998465,1
0.65,0.42537716672903975,1
0.7,0.33903736046584393,1
0.75,0.26417222619084185,1
0.8,0.20015045509780946,1
0.85,0.1473427512457354,1
0.9,0.1034357130126361,1
0.95,0.065041702504936,1
1.0,0.009426215920610968,1
0.0,1.0,1
0.05,0.9948664848705748,1
0.1,0.9787028147289203,1
0.15,0.951714913248448,1
0.2,0.912423696683816,1
0.25,0.8602237732544932,1
0.3,0.7959271559790707,1
0.35,0.7225182328005244,1
0.4,0.6415859891646155,1
0.45,0.5565595874457917,1
0.5,0.4726550509387143,1
0.55,0.3907033788742769,1
0.6,0.316134039683772,1
0.65,0.25177058192271423,1
0.7,0.1974463111159304,1
0.75,0.15292221009395163,1
0.8,0.11678396563513783,1
0.85,0.08788797425546534,1
0.9,0.06391346219964646,1
0.95,0.04453705324954804,1
1.0,0.020473368375292157,1
0.0,0.9999999999999999,0
0.05,0.9971868777332538,0
0.1,0.9865107337389247,1
0.15,0.9676201508761584,1
0.2,0.938875826160886,1
0.25,0.903266623620845,1
0.3,0.8561568186046876,1
0.35,0.7959447975365264,1
0.4,0.7280797606180621,1
0.45,0.6489212433517468,1
0.5,0.5624166232260739,1
0.55,0.47374752523124203,1
0.6,0.3892193044373019,1
0.65,0.31215067874009084,1
0.7,0.2459661285296221,1
0.75,0.1901810378505587,1
0.8,0.14453003198152836,1
0.85,0.10736486925514457,1
0.9,0.076665705713413,1
0.95,0.0506955970106234,1
1.0,0.015337441117595722,1
0.0,1.0,0
0.05,0.9787913904736684,0
0.1,0.9589737410022079,1
0.15,0.8954718848638399,1
0.2,0.6933101256516141,1
0.25,0.4838711452698873,1
0.3,0.434045649435999,1
0.35,0.6626337868264701,1
0.4,0.6283320048141702,1
0.45,0.6115809072974022,1
0.5,0.5472029033348046,1
0.55,0.4526650776740799,1
0.6,0.38075109895621384,1
0.65,0.3030804876472068,1
0.7,0.25239896842280196,1
0.75,0.20440181378636066,1
0.8,0.15154848389119274,1
0.85,0.10832943233151082,1
0.9,0.06459876316230206,1
0.95,0.020448393769587795,1
1.0,-0.0035913167715321626,1
0.0,0.9999999999999999,0
0.05,0.9989424518628883,0
0.1,0.9940176530126941,1
0.15,0.984539793290487,1
0.2,0.9709443664004499,1
0.25,0.9515303033313003,1
0.3,0.9262199767611562,1
0.35,0.8908717458196229,1
0.4,0.8413908286544708,1
0.45,0.7798807633502013,1
0.5,0.7050148286896085,1
0.55,0.6142758971831801,1
0.6,0.5219161535781672,1
0.65,0.42733187826058694,1
0.7,0.34110269629552,1
0.75,0.2666544680319525,1
0.8,0.20385985683197042,1
0.85,0.15044481186864445,1
0.9,0.10477894263123134,1
0.95,0.06498165117268913,1
1.0,0.007979211334873676,1
0.0,1.0,0
0.05,0.9990326390168168,0
0.1,0.9951525166097892,0
0.15,0.9876160928210639,0
0.2,0.9755701332981742,1
0.25,0.9585337513504716,1
0.3,0.9342060761243038,1
0.35,0.9014374529304915,1
0.4,0.8583782981589503,1
0.45,0.8010126129313933,1
0.5,0.7293142370739472,1
0.55,0.644285389719553,1
0.6,0.5508007943849145,1
0.65,0.45633263190889134,1
0.7,0.36710434868602226,1
0.75,0.28616136011178583,1
0.8,0.2177128650954329,1
0.85,0.161292296042112,1
0.9,0.11387519248850153,1
0.95,0.0722098851402162,1
1.0,0.01298508226233632,1
0.0,1.0,1
0.05,0.9970413943008157,0
0.1,0.9616419769635434,0
0.15,0.9196728876891049,1
0.2,0.931492654521903,1
0.25,0.9106267028170021,1
0.3,0.8530634150907563,1
0.35,0.7677312364693234,1
0.4,0.6703314201373083,1
0.45,0.5712703224776275,1
0.5,0.4718606057832676,1
0.55,0.37447501414480977,1
0.6,0.28591621061390815,1
0.65,0.2258241976439875,1
0.7,0.16128931307057046,1
0.75,0.11724902498079862,1
0.8,0.08114164937166009,1
0.85,0.06359883964303056,1
0.9,0.045897245165561734,1
0.95,0.026425589046469772,1
1.0,-0.021794384554792035,1
0.0,1.0,0
0.05,0.9983214306701467,0
0.1,0.9914554300094419,1
0.15,0.9790466290667211,1
0.2,0.9611406345066806,1
0.25,0.9376963042631193,1
0.3,0.908345504433027,1
0.35,0.8717128464299891,1
0.4,0.8249236832249576,1
0.45,0.7672900712045118,1
0.5,0.6957801653317403,1
0.55,0.6097037386080919,1
0.6,0.5191423524704242,1
0.65,0.4278900714532918,1
0.7,0.3431844659657194,1
0.75,0.2676655792585671,1
0.8,0.20337369805682154,1
0.85,0.15008240973869405,1
0.9,0.10557920656153923,1
0.95,0.06686226695067381,1
1.0,0.011345345586403486,1
0.0,1.0,0
0.05,0.9984671666767798,0
0.1,0.9914251076083048,1
0.15,0.9780443622880318,1
0.2,0.9591869498995679,1
0.25,0.9347483974485632,1
0.3,0.9030788387405723,1
0.35,0.8604912415040813,1
0.4,0.8076453142048925,1
0.45,0.740311055990045,1
0.5,0.6582306881682408,1
0.55,0.5694469482267215,1
0.6,0.4787613209300845,1
0.65,0.3903511950596835,1
0.7,0.3109789247821278,1
0.75,0.24181645154816572,1
0.8,0.18343868231617708,1
0.85,0.1351305691060771,1
0.9,0.09483342678249139,1
0.95,0.05969747700803491,1
1.0,0.009260262804542814,1
0.0,1.0,1
0.05,0.9946622780837919,0
0.1,0.9784694052539634,1
0.15,0.9500561170391124,1
0.2,0.9061576995552069,1
0.25,0.8608076149939449,1
0.3,0.7938120028426094,1
0.35,0.7138743735609707,1
0.4,0.6215703744031995,1
0.45,0.5361485670641658,1
0.5,0.43806823682037405,1
0.55,0.33934137445975865,1
0.6,0.2560177615712347,1
0.65,0.19334401104128204,1
0.7,0.13704929171532315,1
0.75,0.108987231967844,1
0.8,0.08389316446525251,1
0.85,0.06026468376895868,1
0.9,0.037005932751195916,1
0.95,0.021027695835250205,1
1.0,-0.009036146849550848,1
0.0,1.0,0
0.05,0.9990866874124008,0
0.1,0.9951632433768349,0
0.15,0.9872224716812904,0
0.2,0.9732788642351262,1
0.25,0.955515856504422,1
0.3,0.937354158190431,1
0.35,0.9091000410485595,1
0.4,0.8654270961351453,1
0.45,0.818123799540327,1
0.5,0.753865267971493,1
0.55,0.6774126854064169,1
0.6,0.590119679108944,1
0.65,0.4979875772022079,1
0.7,0.4064947311942293,1
0.75,0.32212697500703674,1
0.8,0.25020750629768024,1
0.85,0.1871041619857641,1
0.9,0.13152332973285047,1
0.95,0.08054337132356842,1
1.0,0.0058674124881554395,1
0.0,1.0,0
0.05,0.998771351664698,0
0.1,0.9935440449842354,0
0.15,0.9837652592081382,1
0.2,0.9693520272732497,1
0.25,0.950365483934807,1
0.3,0.9253954930763141,1
0.35,0.8928923965349183,1
0.4,0.8509237858195012,1
0.45,0.7954508601050512,1
0.5,0.727264040405775,1
0.55,0.6462082234597851,1
0.6,0.5560917246183557,1
0.65,0.46291063283574413,1
0.7,0.37393266954879845,1
0.75,0.2936453534544532,1
0.8,0.2239183166557783,1
0.85,0.1655344713882805,1
0.9,0.11615888797475553,1
0.95,0.07285291032009583,1
1.0,0.00976934924954359,1
0.0,1.0,1
0.05,0.9870474320720547,1
0.1,0.8924484621088848,1
0.15,0.7760743150860093,1
0.2,0.6339506508394595,1
0.25,0.7106675659710101,1
0.3,0.6518467680279528,1
0.35,0.5064460110879725,1
0.4,0.40558305232548325,1
0.45,0.34098018736078123,1
0.5,0.3435398097471871,1
0.55,0.31995508804537665,1
0.6,0.20484332877442732,1
0.65,0.15509706537446916,1
0.7,0.10198635992258827,1
0.75,0.0723039520262146,1
0.8,0.04943540702833194,1
0.85,0.03838385117032762,1
0.9,0.02024702751865279,1
0.95,0.011635105748268662,1
1.0,-0.029827722340969698,1
0.0,1.0,0
0.05,0.9986290567762869,0
0.1,0.9923029630579737,0
0.15,0.9804268737999899,1
0.2,0.963986398287095,1
0.25,0.9416666076718083,1
0.3,0.9119568990280872,1
0.35,0.8708959979492428,1
0.4,0.8170334413600228,1
0.45,0.7428437649125736,1
0.5,0.657601492549228,1
0.55,0.5712631238589873,1
0.6,0.4829464861514383,1
0.65,0.3942786395360126,1
0.7,0.31223870269273307,1
0.75,0.24460910977563774,1
0.8,0.1865039945442025,1
0.85,0.13799534151897858,1
0.9,0.09673467145906449,1
0.95,0.06125062512891838,1
1.0,0.009604186619791667,1
0.0,1.0,0
0.05,0.9987784858389009,0
0.1,0.9875596097253271,0
0.15,0.9698057344798376,1
0.2,0.9536285718920903,1
0.25,0.9348585013788279,1
0.3,0.9000002851037406,1
0.35,0.8473798213492015,1
0.4,0.7704337563165391,1
0.45,0.6863870966397035,1
0.5,0.5909011414481997,1
0.55,0.48251995990180063,1
0.6,0.4006406122669553,1
0.65,0.3218884061192333,1
0.7,0.26727946992923673,1
0.75,0.214935893319725,1
0.8,0.16453928828639736,1
0.85,0.12068503615132486,1
0.9,0.08453973397122914,1
0.95,0.05592877249989405,1
1.0,0.0208152204248499,1
0.0,1.0,0
0.05,0.9964183350314301,0
0.1,0.9797647987753768,1
0.15,0.953442858213536,1
0.2,0.919411355662247,1
0.25,0.8709490496727165,1
0.3,0.8211991829561406,1
0.35,0.759658839627569,1
0.4,0.6868012822829865,1
0.45,0.6026617685185791,1
0.5,0.5071855083326993,1
0.55,0.4270962377031884,1
0.6,0.35270024724067944,1
0.65,0.28249698342793345,1
0.7,0.22307642893045576,1
0.75,0.17228691382851977,1
0.8,0.13329482828146208,1
0.85,0.09988215711477291,1
0.9,0.07230458976491592,1
0.95,0.048910368991698046,1
1.0,0.017297522417006578,1
0.0,1.0,0
0.05,0.9979527607981912,0
0.1,0.989583755478771,1
0.15,0.9742684600582324,1
0.2,0.951785706728826,1
0.25,0.9216849204909808,1
0.3,0.8832766888622123,1
0.35,0.8348965131626356,1
0.4,0.7754534986564249,1
0.45,0.7032479312041688,1
0.5,0.6219599334776643,1
0.55,0.5340486424317872,1
0.6,0.4453578271024677,1
0.65,0.36121955687626445,1
0.7,0.2864798527735751,1
0.75,0.22213402619228342,1
0.8,0.16839233253934927,1
0.85,0.12434790829606465,1
0.9,0.08784696602522536,1
0.95,0.05625323929070009,1
1.0,0.011408161109774884,1
0.0,1.0,0
0.05,0.9980495493398301,0
0.1,0.9311776278204597,1
0.15,0.9489159572771806,0
0.2,0.9595924905741648,0
0.25,0.9406500255008059,0
0.3,0.9010786691251101,1
0.35,0.846744125587851,1
0.4,0.7816130872741264,1
0.45,0.6993436882379276,1
0.5,0.6007231471338753,1
0.55,0.5038062168955273,1
0.6,0.4074591029381035,1
0.65,0.3196873652989808,1
0.7,0.24314741621607938,1
0.75,0.17992361971248158,1
0.8,0.13335155619602204,1
0.85,0.09844024136163142,1
0.9,0.07257650080805648,1
0.95,0.050897185837581356,1
1.0,0.02325325054837831,1
